,date,capacity,turnover,open,high,low,close,change,transaction
0,2013-01-02,1340523,20781940,15.45,15.65,15.35,15.4,0.15,507
1,2013-01-03,921375,14268223,15.55,15.6,15.4,15.5,0.1,304
2,2013-01-04,960300,14927058,15.6,15.65,15.45,15.55,0.05,383
3,2013-01-07,689736,10738806,15.6,15.65,15.5,15.6,0.05,263
4,2013-01-08,820717,12678003,15.6,15.65,15.3,15.4,-0.2,283
5,2013-01-09,575294,8836759,15.4,15.45,15.3,15.35,-0.05,187
6,2013-01-10,674858,10451511,15.4,15.55,15.4,15.5,0.15,275
7,2013-01-11,930841,14480134,15.7,15.7,15.45,15.55,0.05,271
8,2013-01-14,598415,9282100,15.55,15.6,15.45,15.45,-0.1,176
9,2013-01-15,539297,8292923,15.45,15.5,15.3,15.4,-0.05,192
10,2013-01-16,622717,9513474,15.3,15.4,15.2,15.2,-0.2,255
11,2013-01-17,779458,11688750,15.25,15.3,14.8,14.8,-0.4,323
12,2013-01-18,506122,7604562,14.9,15.1,14.9,15.0,0.2,198
13,2013-01-21,530380,8085632,15.15,15.35,15.1,15.3,0.3,237
14,2013-01-22,356615,5455136,15.35,15.35,15.2,15.25,-0.05,141
15,2013-01-23,525818,8094514,15.25,15.5,15.25,15.4,0.15,195
16,2013-01-24,347049,5299847,15.4,15.4,15.1,15.1,-0.3,151
17,2013-01-25,337160,5106813,15.15,15.2,15.1,15.1,0.0,144
18,2013-01-28,238227,3601564,15.1,15.2,15.05,15.1,0.0,100
19,2013-01-29,390790,5904615,15.1,15.2,15.1,15.1,0.0,147
20,2013-01-30,257050,3898949,15.1,15.25,15.1,15.15,0.05,121
21,2013-01-31,232729,3522270,15.2,15.2,15.1,15.1,-0.05,89
22,2013-02-01,437861,6628555,15.1,15.2,15.05,15.1,0.0,136
23,2013-02-04,511689,7761320,15.2,15.25,15.1,15.15,0.05,188
24,2013-02-05,512473,7798137,15.15,15.3,15.1,15.3,0.15,215
25,2013-02-06,7570519,121747725,15.8,16.35,15.75,16.25,0.95,2688
26,2013-02-18,2455899,39164852,16.25,16.25,15.8,15.85,-0.4,791
27,2013-02-19,919297,14517924,15.8,15.95,15.7,15.8,-0.05,365
28,2013-02-20,850477,13417935,15.8,15.9,15.7,15.7,-0.1,352
29,2013-02-21,752723,11817238,15.7,15.85,15.65,15.65,-0.05,284
30,2013-02-22,513805,8025353,15.6,15.7,15.55,15.6,-0.05,204
31,2013-02-23,732203,11447335,15.7,15.8,15.5,15.65,0.05,318
32,2013-02-25,634540,9869234,15.6,15.65,15.5,15.55,-0.1,259
33,2013-02-26,490301,7598814,15.4,15.6,15.4,15.45,-0.1,162
34,2013-02-27,494758,7646908,15.45,15.5,15.4,15.5,0.05,179
35,2013-03-01,521456,8076269,15.5,15.55,15.4,15.5,0.0,193
36,2013-03-04,620973,9587481,15.5,15.6,15.35,15.35,-0.15,229
37,2013-03-05,413954,6390683,15.35,15.5,15.35,15.5,0.15,158
38,2013-03-06,373660,5798040,15.55,15.6,15.45,15.45,-0.05,161
39,2013-03-07,467084,7230991,15.55,15.55,15.4,15.5,0.05,167
40,2013-03-08,404419,6294469,15.55,15.65,15.5,15.5,0.0,167
41,2013-03-11,688197,10630767,15.5,15.5,15.35,15.4,-0.1,289
42,2013-03-12,2357340,37166523,15.4,16.05,15.35,16.05,0.65,748
43,2013-03-13,3855832,62458062,16.1,16.5,15.85,15.85,-0.2,1211
44,2013-03-14,774953,12125113,15.8,15.8,15.55,15.6,-0.25,337
45,2013-03-15,383981,6006302,15.65,15.8,15.55,15.55,-0.05,177
46,2013-03-18,650560,10031393,15.55,15.6,15.3,15.35,-0.2,317
47,2013-03-19,426105,6578864,15.35,15.5,15.35,15.45,0.1,143
48,2013-03-20,302247,4668235,15.55,15.55,15.35,15.4,-0.05,114
49,2013-03-21,242080,3736427,15.45,15.5,15.35,15.4,0.0,121
50,2013-03-22,249556,3845488,15.35,15.45,15.35,15.45,0.05,84
51,2013-03-25,309790,4795412,15.55,15.55,15.4,15.45,0.0,128
52,2013-03-26,228006,3521592,15.5,15.5,15.4,15.45,0.0,87
53,2013-03-27,445770,6885074,15.4,15.5,15.4,15.5,0.05,175
54,2013-03-28,206646,3195225,15.5,15.5,15.4,15.45,-0.05,91
55,2013-03-29,540052,8404552,15.5,15.6,15.5,15.6,0.15,207
56,2013-04-01,725411,11326814,15.6,15.75,15.5,15.6,0.0,266
57,2013-04-02,448651,7000136,15.6,15.65,15.55,15.6,0.0,190
58,2013-04-03,780531,12137668,15.6,15.65,15.5,15.55,-0.05,276
59,2013-04-08,1300243,19442067,15.35,15.35,14.6,14.9,-0.65,432
60,2013-04-09,785071,11752140,14.9,15.1,14.9,14.95,0.05,286
61,2013-04-10,389713,5852574,14.95,15.1,14.95,15.0,0.05,188
62,2013-04-11,457637,6956782,15.05,15.3,15.05,15.3,0.3,228
63,2013-04-12,417243,6385057,15.4,15.45,15.15,15.2,-0.1,174
64,2013-04-15,594738,8953420,15.05,15.2,15.0,15.0,-0.2,178
65,2013-04-16,578039,8528797,14.8,14.9,14.6,14.8,-0.2,206
66,2013-04-17,527233,7955221,14.8,15.35,14.8,15.1,0.3,281
67,2013-04-18,494842,7511960,15.15,15.25,15.1,15.2,0.1,246
68,2013-04-19,671535,10137380,15.15,15.2,14.9,15.1,-0.1,205
69,2013-04-22,329244,4970235,15.1,15.2,15.05,15.05,-0.05,150
70,2013-04-23,255521,3871415,15.1,15.2,15.05,15.2,0.15,124
71,2013-04-24,396850,6022875,15.2,15.2,15.15,15.15,-0.05,158
72,2013-04-25,590353,8911177,15.1,15.15,15.05,15.1,-0.05,222
73,2013-04-26,1107401,16879244,15.15,15.45,15.05,15.2,0.1,383
74,2013-04-29,603831,9241529,15.3,15.4,15.2,15.3,0.1,204
75,2013-04-30,753232,11548535,15.3,15.45,15.25,15.35,0.05,219
76,2013-05-02,248716,3791974,15.25,15.3,15.2,15.3,-0.05,99
77,2013-05-03,320689,4905419,15.3,15.35,15.25,15.3,0.0,129
78,2013-05-06,711549,10924546,15.3,15.5,15.3,15.35,0.05,257
79,2013-05-07,1080943,16694970,15.45,15.5,15.4,15.5,0.15,347
80,2013-05-08,510773,7891564,15.5,15.5,15.4,15.4,-0.1,217
81,2013-05-09,883374,13643825,15.5,15.55,15.4,15.5,0.1,314
82,2013-05-10,550060,8548585,15.5,15.6,15.45,15.6,0.1,221
83,2013-05-13,456640,7078423,15.6,15.6,15.45,15.45,-0.15,161
84,2013-05-14,231341,3583383,15.45,15.55,15.4,15.5,0.05,115
85,2013-05-15,316571,4913170,15.5,15.6,15.5,15.5,0.0,147
86,2013-05-16,701021,10967828,15.55,15.7,15.55,15.7,0.2,271
87,2013-05-17,1229766,19424710,15.7,15.95,15.65,15.85,0.15,352
88,2013-05-20,1254104,20100201,15.9,16.15,15.9,16.0,0.15,387
89,2013-05-21,639655,10186948,16.0,16.1,15.85,15.85,-0.15,215
90,2013-05-22,550488,8749680,15.85,15.95,15.8,15.85,0.0,288
91,2013-05-23,709770,11133659,15.8,15.85,15.6,15.6,-0.25,330
92,2013-05-24,483001,7561613,15.6,15.8,15.6,15.65,0.05,198
93,2013-05-27,508772,8032429,15.7,15.95,15.65,15.95,0.3,177
94,2013-05-28,531487,8437887,15.95,15.95,15.8,15.9,-0.05,209
95,2013-05-29,670500,10660797,15.9,15.95,15.85,15.85,-0.05,207
96,2013-05-30,432073,6837932,15.85,15.95,15.7,15.85,0.0,233
97,2013-05-31,728856,11630213,15.9,16.0,15.8,15.85,0.0,248
98,2013-06-03,906409,14462031,15.8,16.05,15.8,15.95,0.1,268
99,2013-06-04,786172,12609130,16.1,16.15,15.9,16.0,0.05,298
100,2013-06-05,391500,6230019,16.0,16.0,15.85,15.85,-0.15,153
101,2013-06-06,238003,3763445,15.8,15.85,15.8,15.8,-0.05,93
102,2013-06-07,388815,6147703,15.8,15.9,15.75,15.75,-0.05,133
103,2013-06-10,250113,3953479,15.75,15.9,15.75,15.75,0.0,90
104,2013-06-11,340403,5352015,15.75,15.8,15.65,15.65,-0.1,153
105,2013-06-13,312060,4886094,15.65,15.75,15.6,15.65,0.0,125
106,2013-06-14,397145,6191859,15.7,15.7,15.55,15.55,-0.1,154
107,2013-06-17,613866,9491099,15.5,15.6,15.35,15.45,-0.1,177
108,2013-06-18,202949,3137014,15.45,15.5,15.4,15.45,0.0,109
109,2013-06-19,315798,4899227,15.5,15.6,15.45,15.5,0.05,98
110,2013-06-20,413082,6402014,15.5,15.55,15.4,15.55,0.05,123
111,2013-06-21,462181,7075387,15.45,15.5,15.05,15.45,-0.1,162
112,2013-06-24,303589,4705266,15.5,15.55,15.4,15.5,0.05,95
113,2013-06-25,473103,7332300,15.45,15.55,15.45,15.55,0.05,220
114,2013-06-26,420217,6592991,15.6,15.75,15.6,15.75,0.2,262
115,2013-06-27,450601,7146783,15.9,15.95,15.8,15.9,0.15,544
116,2013-06-28,303867,4827497,16.0,16.0,15.8,15.85,-0.05,182
117,2013-07-01,498962,7938647,15.85,16.0,15.85,15.85,0.0,138
118,2013-07-02,321030,5111861,16.0,16.0,15.85,15.9,0.05,483
119,2013-07-03,390058,6188772,15.9,15.9,15.85,15.85,-0.05,127
120,2013-07-04,546926,8699926,15.9,16.0,15.8,15.9,0.05,148
121,2013-07-05,1182733,19065398,16.0,16.2,16.0,16.15,0.25,478
122,2013-07-08,2121243,34359770,16.3,16.3,16.1,16.25,0.1,675
123,2013-07-09,1451808,22363458,15.55,15.55,15.3,15.4,0.0,559
124,2013-07-10,356614,5453010,15.35,15.4,15.2,15.2,-0.2,178
125,2013-07-11,586573,8976678,15.25,15.4,15.2,15.2,0.0,234
126,2013-07-12,927000,14356650,15.3,15.6,15.3,15.55,0.35,315
127,2013-07-15,648443,10014520,15.5,15.6,15.3,15.45,-0.1,230
128,2013-07-16,563625,8677539,15.45,15.45,15.3,15.4,-0.05,262
129,2013-07-17,462825,7109911,15.4,15.45,15.3,15.45,0.05,259
130,2013-07-18,443529,6815392,15.5,15.5,15.3,15.4,-0.05,238
131,2013-07-19,556101,8501604,15.4,15.4,15.2,15.3,-0.1,358
132,2013-07-22,633621,9700719,15.4,15.4,15.25,15.25,-0.05,338
133,2013-07-23,564689,8647142,15.3,15.35,15.25,15.3,0.05,334
134,2013-07-24,921509,14218507,15.35,15.5,15.35,15.45,0.15,412
135,2013-07-25,1052314,16336691,15.45,15.65,15.4,15.45,0.0,445
136,2013-07-26,527209,8142677,15.5,15.5,15.4,15.4,-0.05,216
137,2013-07-29,234331,3602413,15.45,15.5,15.3,15.35,-0.05,101
138,2013-07-30,389277,5987148,15.4,15.5,15.3,15.4,0.05,154
139,2013-07-31,322051,4940235,15.4,15.45,15.3,15.3,-0.1,103
140,2013-08-01,240282,3675885,15.3,15.4,15.25,15.35,0.05,118
141,2013-08-02,328950,5054625,15.35,15.4,15.3,15.3,-0.05,122
142,2013-08-05,343769,5302238,15.3,15.45,15.3,15.45,0.15,130
143,2013-08-06,370229,5697872,15.45,15.5,15.3,15.3,-0.15,151
144,2013-08-07,460089,7045001,15.3,15.4,15.25,15.25,-0.05,159
145,2013-08-08,245012,3747983,15.25,15.35,15.25,15.25,0.0,102
146,2013-08-09,282259,4313537,15.25,15.35,15.25,15.3,0.05,130
147,2013-08-12,132458,2030379,15.3,15.4,15.3,15.35,0.05,76
148,2013-08-13,209708,3211711,15.35,15.4,15.25,15.35,0.0,90
149,2013-08-14,994957,15063486,15.25,15.25,15.05,15.05,-0.3,307
150,2013-08-15,625433,9309813,15.0,15.0,14.8,14.85,-0.2,403
151,2013-08-16,377628,5606955,14.8,15.0,14.7,14.8,-0.05,153
152,2013-08-19,229073,3393979,14.8,14.95,14.75,14.8,0.0,112
153,2013-08-20,248445,3703083,14.85,15.0,14.8,14.9,0.1,134
154,2013-08-22,253036,3741083,14.75,14.9,14.7,14.8,-0.1,159
155,2013-08-23,229615,3411830,14.9,15.0,14.8,14.8,0.0,117
156,2013-08-26,119119,1765804,14.85,14.9,14.8,14.8,0.0,84
157,2013-08-27,161300,2385190,14.8,14.85,14.7,14.75,-0.05,85
158,2013-08-28,238121,3484716,14.7,14.7,14.55,14.55,-0.2,143
159,2013-08-29,417882,6089630,14.55,14.65,14.5,14.5,-0.05,134
160,2013-08-30,572000,8401050,14.55,14.85,14.55,14.8,0.3,257
161,2013-09-02,118910,1752573,14.8,14.8,14.7,14.7,-0.1,78
162,2013-09-03,172981,2545718,14.7,14.8,14.65,14.75,0.05,104
163,2013-09-04,214655,3172109,14.75,14.8,14.75,14.8,0.05,115
164,2013-09-05,274944,4089213,14.8,14.95,14.8,14.9,0.1,116
165,2013-09-06,289056,4283827,14.75,14.9,14.75,14.9,0.0,132
166,2013-09-09,261273,3866873,14.8,14.85,14.7,14.85,-0.05,81
167,2013-09-10,205887,3025324,14.85,14.85,14.55,14.8,-0.05,111
168,2013-09-11,213603,3148310,14.75,14.8,14.7,14.7,-0.1,56
169,2013-09-12,189599,2806535,14.8,14.85,14.75,14.75,0.05,130
170,2013-09-13,355551,5289858,14.7,15.05,14.7,15.0,0.25,200
171,2013-09-14,136401,2038904,15.0,15.0,14.9,15.0,0.0,64
172,2013-09-16,165446,2477578,15.0,15.05,14.9,14.9,-0.1,85
173,2013-09-17,482738,7276243,14.9,15.2,14.9,14.9,0.0,171
174,2013-09-18,170337,2532687,15.0,15.0,14.8,14.8,-0.1,99
175,2013-09-23,126101,1878254,14.8,14.95,14.8,14.9,0.1,81
176,2013-09-24,351029,5262676,14.9,15.05,14.9,14.95,0.05,133
177,2013-09-25,278295,4167841,15.0,15.05,14.9,14.95,0.0,97
178,2013-09-26,194369,2898014,15.0,15.0,14.9,14.9,-0.05,95
179,2013-09-27,208995,3108124,14.9,14.95,14.85,14.85,-0.05,92
180,2013-09-30,377558,5536749,14.6,14.8,14.6,14.75,-0.1,163
181,2013-10-01,503628,7385067,14.6,14.8,14.6,14.6,-0.15,212
182,2013-10-02,195611,2884460,14.7,14.8,14.7,14.75,0.15,94
183,2013-10-03,4712527,72904817,14.8,15.75,14.8,15.55,0.8,1511
184,2013-10-04,1485868,22802502,15.55,15.55,15.15,15.2,-0.35,514
185,2013-10-07,694099,10624762,15.4,15.4,15.2,15.3,0.1,214
186,2013-10-08,972937,14925937,15.2,15.5,15.2,15.3,0.0,272
187,2013-10-09,430245,6576620,15.3,15.4,15.2,15.3,0.0,138
188,2013-10-11,879649,13405163,15.4,15.4,15.1,15.1,-0.2,264
189,2013-10-14,940401,14225834,15.1,15.25,15.0,15.1,0.0,219
190,2013-10-15,845060,12838459,15.1,15.3,15.1,15.3,0.2,189
191,2013-10-16,835958,12818253,15.3,15.45,15.2,15.45,0.15,216
192,2013-10-17,2812322,44219085,15.45,15.95,15.45,15.6,0.15,777
193,2013-10-18,608092,9449475,15.6,15.6,15.5,15.6,0.0,197
194,2013-10-21,483229,7506497,15.6,15.65,15.45,15.6,0.0,130
195,2013-10-22,462184,7161281,15.5,15.6,15.45,15.55,-0.05,144
196,2013-10-23,345569,5323193,15.55,15.55,15.3,15.3,-0.25,126
197,2013-10-24,274726,4223029,15.35,15.5,15.25,15.45,0.15,94
198,2013-10-25,182206,2800400,15.45,15.45,15.3,15.3,-0.15,97
199,2013-10-28,783099,12175912,15.3,15.75,15.3,15.35,0.05,295
200,2013-10-29,199296,3080307,15.4,15.55,15.4,15.45,0.1,121
201,2013-10-30,231410,3562061,15.45,15.5,15.3,15.35,-0.1,123
202,2013-10-31,376339,5755552,15.3,15.4,15.2,15.4,0.05,181
203,2013-11-01,256548,3920304,15.4,15.4,15.25,15.3,-0.1,90
204,2013-11-04,272165,4152588,15.6,15.6,15.1,15.2,-0.1,144
205,2013-11-05,506186,7608167,15.15,15.2,14.9,14.9,-0.3,211
206,2013-11-06,426558,6374083,14.9,15.05,14.85,14.95,0.05,157
207,2013-11-07,233795,3472775,14.95,14.95,14.8,14.85,-0.1,104
208,2013-11-08,269616,4020846,14.85,15.05,14.8,14.95,0.1,98
209,2013-11-11,635370,9657430,14.95,15.45,14.9,14.95,0.0,242
210,2013-11-12,266617,3994820,15.0,15.1,14.95,15.0,0.05,117
211,2013-11-13,245408,3684673,14.95,15.1,14.95,15.0,0.0,104
212,2013-11-14,414700,6301118,15.1,15.35,15.05,15.05,0.05,141
213,2013-11-15,393549,5960516,15.1,15.2,15.1,15.2,0.15,118
214,2013-11-18,306330,4685948,15.25,15.35,15.2,15.3,0.1,134
215,2013-11-19,451853,6966747,15.3,15.5,15.3,15.4,0.1,171
216,2013-11-20,336952,5174558,15.4,15.45,15.3,15.3,-0.1,119
217,2013-11-21,395265,6076707,15.35,15.45,15.25,15.4,0.1,124
218,2013-11-22,227088,3488744,15.4,15.45,15.3,15.35,-0.05,84
219,2013-11-25,544101,8395453,15.4,15.5,15.4,15.45,0.1,188
220,2013-11-26,445677,6908136,15.45,15.6,15.45,15.45,0.0,164
221,2013-11-27,628010,9754252,15.5,15.55,15.45,15.45,0.0,183
222,2013-11-28,580789,9040477,15.45,15.6,15.45,15.6,0.15,237
223,2013-11-29,593524,9249121,15.65,15.65,15.5,15.6,0.0,165
224,2013-12-02,497443,7749415,15.6,15.65,15.5,15.55,-0.05,221
225,2013-12-03,392411,6111487,15.6,15.65,15.5,15.55,0.0,153
226,2013-12-04,288550,4482518,15.55,15.55,15.5,15.55,0.0,125
227,2013-12-05,466650,7228007,15.5,15.6,15.4,15.5,-0.05,131
228,2013-12-06,825543,12860015,15.5,15.65,15.45,15.6,0.1,187
229,2013-12-09,1673094,26228212,15.6,15.85,15.55,15.7,0.1,420
230,2013-12-10,532079,8395487,15.75,15.85,15.7,15.75,0.05,199
231,2013-12-11,419803,6605909,15.85,15.85,15.65,15.7,-0.05,153
232,2013-12-12,203784,3183979,15.65,15.7,15.6,15.6,-0.1,90
233,2013-12-13,530948,8348831,15.65,15.8,15.65,15.75,0.15,145
234,2013-12-16,403972,6366451,15.75,15.85,15.7,15.75,0.0,133
235,2013-12-17,287787,4529453,15.75,15.85,15.7,15.7,-0.05,111
236,2013-12-18,431458,6792189,15.7,15.85,15.65,15.7,0.0,155
237,2013-12-19,309110,4864774,15.7,15.8,15.7,15.75,0.05,116
238,2013-12-20,199353,3131723,15.75,15.8,15.65,15.7,-0.05,78
239,2013-12-23,850377,13433437,15.8,15.85,15.7,15.8,0.1,240
240,2013-12-24,262553,4137381,15.8,15.85,15.7,15.75,-0.05,105
241,2013-12-25,358248,5600967,15.8,15.8,15.55,15.6,-0.15,129
242,2013-12-26,274048,4278340,15.6,15.7,15.6,15.6,0.0,104
243,2013-12-27,211649,3313756,15.55,15.7,15.55,15.7,0.1,96
244,2013-12-30,343011,5383117,15.7,15.75,15.6,15.7,0.0,143
245,2013-12-31,605191,9551595,15.75,15.85,15.7,15.8,0.1,185
246,2014-01-02,1650716,26367256,15.8,16.1,15.8,16.0,0.2,521
247,2014-01-03,732099,11637229,16.0,16.0,15.8,15.95,-0.05,222
248,2014-01-06,531203,8444415,15.95,15.95,15.8,15.8,-0.15,194
249,2014-01-07,307943,4876295,15.8,15.9,15.8,15.8,0.0,123
250,2014-01-08,365564,5810193,15.9,15.95,15.8,15.95,0.15,164
251,2014-01-09,560352,8925158,16.0,16.0,15.85,15.95,0.0,155
252,2014-01-10,345101,5490209,15.95,15.95,15.85,15.95,0.0,120
253,2014-01-13,556261,8871033,16.0,16.0,15.85,15.9,-0.05,182
254,2014-01-14,522222,8282967,15.9,15.95,15.8,15.85,-0.05,173
255,2014-01-15,554115,8794774,15.85,15.95,15.8,15.8,-0.05,168
256,2014-01-16,426005,6731778,15.85,15.9,15.75,15.75,-0.05,149
257,2014-01-17,1193370,18829205,15.75,15.9,15.7,15.85,0.1,184
258,2014-01-20,764509,12160916,15.9,16.0,15.85,16.0,0.15,198
259,2014-01-21,384667,6138433,16.0,16.0,15.9,15.9,-0.1,165
260,2014-01-22,199373,3170304,15.95,16.0,15.85,15.9,0.0,113
261,2014-01-23,676509,10789384,15.9,16.0,15.85,15.9,0.0,243
262,2014-01-24,388292,6157008,15.9,15.95,15.75,15.9,0.0,123
263,2014-01-27,500420,7880188,15.8,15.85,15.65,15.75,-0.15,207
264,2014-02-05,620600,9667313,15.4,15.7,15.4,15.55,-0.2,282
265,2014-02-06,1134235,17586072,15.5,15.6,15.45,15.5,-0.05,412
266,2014-02-07,545481,8489719,15.55,15.65,15.45,15.65,0.15,201
267,2014-02-10,333414,5247062,15.7,15.8,15.65,15.75,0.1,160
268,2014-02-11,351115,5483250,15.65,15.7,15.55,15.6,-0.15,128
269,2014-02-12,499466,7795317,15.7,15.75,15.5,15.5,-0.1,243
270,2014-02-13,569454,8858426,15.5,15.65,15.5,15.6,0.1,250
271,2014-02-14,461408,7237912,15.6,15.8,15.6,15.7,0.1,178
272,2014-02-17,372791,5874051,15.8,15.8,15.7,15.75,0.05,147
273,2014-02-18,1391398,22170564,15.85,16.15,15.8,15.85,0.1,452
274,2014-02-19,599972,9552798,15.95,16.0,15.85,15.95,0.1,177
275,2014-02-20,666846,10635581,16.0,16.0,15.9,15.9,-0.05,327
276,2014-02-21,460742,7321622,15.9,15.95,15.85,15.9,0.0,215
277,2014-02-24,422941,6745548,15.9,16.0,15.9,15.95,0.05,183
278,2014-02-25,862992,13809668,16.0,16.1,15.95,15.95,0.0,228
279,2014-02-26,2421801,39241295,16.0,16.35,16.0,16.3,0.35,731
280,2014-02-27,1169281,19074880,16.3,16.4,16.2,16.25,-0.05,371
281,2014-03-03,6001912,103184025,16.3,17.35,16.3,17.35,1.1,1871
282,2014-03-04,3672927,63510959,17.45,17.5,17.05,17.05,-0.3,1259
283,2014-03-05,4627886,81626263,17.15,18.0,17.15,17.75,0.7,1364
284,2014-03-06,2053084,36378823,17.9,18.0,17.55,17.75,0.0,692
285,2014-03-07,3574646,62830553,17.8,17.85,17.2,17.2,-0.55,884
286,2014-03-10,5332245,95787360,17.5,18.3,17.45,18.1,0.9,1629
287,2014-03-11,2787883,50031382,17.95,18.15,17.75,17.9,-0.2,796
288,2014-03-12,6603953,122869655,18.0,19.1,17.95,18.7,0.8,1895
289,2014-03-13,6101970,116715980,19.2,19.5,18.75,19.05,0.35,1899
290,2014-03-14,2211391,41907359,19.0,19.05,18.8,18.9,-0.15,748
291,2014-03-17,4145397,80601800,19.0,19.7,19.0,19.35,0.45,1361
292,2014-03-18,2328043,44888664,19.55,19.6,19.05,19.1,-0.25,708
293,2014-03-19,5240116,104347265,19.4,20.4,19.3,19.7,0.6,1624
294,2014-03-20,6053081,121490779,19.5,20.4,19.5,19.85,0.15,1935
295,2014-03-21,2945574,59344427,19.85,20.5,19.85,20.0,0.15,1077
296,2014-03-24,2692475,51856121,19.8,19.8,18.9,19.4,-0.6,901
297,2014-03-25,2545186,50342370,19.4,20.2,19.25,20.0,0.6,955
298,2014-03-26,1301472,25972499,20.5,20.5,19.75,19.9,-0.1,642
299,2014-03-27,1052484,20872062,19.9,20.1,19.7,19.9,0.0,525
300,2014-03-28,1902529,38067994,19.9,20.35,19.7,19.75,-0.15,821
301,2014-03-31,4814840,99180016,20.5,20.95,20.3,20.5,0.75,1638
302,2014-04-01,1543553,31405883,20.5,20.5,20.2,20.3,-0.2,730
303,2014-04-02,2704438,55621228,20.5,20.75,20.3,20.55,0.25,945
304,2014-04-03,1246727,25579818,20.55,20.7,20.4,20.55,0.0,492
305,2014-04-07,1887231,38169294,20.45,20.5,20.0,20.15,-0.4,636
306,2014-04-08,2558475,51346750,20.15,20.3,19.9,20.1,-0.05,752
307,2014-04-09,2775289,56630461,20.25,20.7,20.1,20.35,0.25,1205
308,2014-04-10,3084261,61890639,20.45,20.5,19.9,19.95,-0.4,868
309,2014-04-11,1741562,34444892,19.8,20.0,19.6,19.7,-0.25,703
310,2014-04-14,2277773,45279375,19.8,20.2,19.55,19.9,0.2,803
311,2014-04-15,2107243,42371213,20.0,20.2,19.95,20.15,0.25,660
312,2014-04-16,6571847,137975083,20.2,21.55,20.2,21.5,1.35,2418
313,2014-04-17,8461260,184784359,21.6,22.5,21.1,21.85,0.35,2865
314,2014-04-18,7188446,160223947,21.95,22.8,21.65,22.1,0.25,2812
315,2014-04-21,2386674,52442568,22.2,22.3,21.65,22.15,0.05,929
316,2014-04-22,5114312,114289552,22.15,22.7,21.9,22.3,0.15,1423
317,2014-04-23,4405173,99369369,22.3,23.0,22.1,22.4,0.1,1537
318,2014-04-24,3341468,75219624,22.35,22.65,22.2,22.6,0.2,1007
319,2014-04-25,10474406,242114688,23.0,23.8,22.25,23.0,0.4,3962
320,2014-04-28,5415270,124824097,23.0,23.45,22.45,23.35,0.35,1718
321,2014-04-29,14212667,351407866,23.7,24.95,23.7,24.95,1.6,4498
322,2014-04-30,16478955,431564724,25.4,26.65,25.4,26.65,1.7,5357
323,2014-05-02,14410524,376292454,27.2,27.4,25.3,25.8,-0.85,5531
324,2014-05-05,12999942,323401876,25.65,25.7,24.1,25.25,-0.55,4771
325,2014-05-06,11499985,299393249,25.25,26.8,25.15,26.25,1.0,5492
326,2014-05-07,6958561,177887492,26.0,26.2,25.25,25.4,-0.85,2440
327,2014-05-08,5679377,142019947,25.2,25.35,24.8,24.95,-0.45,3226
328,2014-05-09,3298811,82843178,24.95,25.45,24.8,24.95,0.0,1837
329,2014-05-12,8331092,213175238,25.1,26.1,24.5,26.05,1.1,2814
330,2014-05-13,6627620,173723172,26.45,26.7,25.55,25.85,-0.2,2385
331,2014-05-14,6039768,156577866,26.6,26.7,25.5,25.55,-0.3,2039
332,2014-05-15,3629608,92017198,25.5,25.7,25.15,25.25,-0.3,1225
333,2014-05-16,3832189,97453745,25.2,25.8,25.2,25.3,0.05,1379
334,2014-05-19,3700292,92925977,25.3,25.5,24.9,25.15,-0.15,1083
335,2014-05-20,2344309,58690154,25.15,25.3,24.9,25.0,-0.15,1008
336,2014-05-21,3029395,76554711,25.0,25.45,25.0,25.1,0.1,1067
337,2014-05-22,2549611,64962396,25.2,25.6,25.2,25.45,0.35,1007
338,2014-05-23,3628090,92947517,25.6,26.0,25.2,25.6,0.15,1214
339,2014-05-26,3988670,100705813,25.85,25.9,24.9,25.1,-0.5,1597
340,2014-05-27,10957195,261971346,25.0,25.0,23.4,23.5,-1.6,3917
341,2014-05-28,5779003,136377365,23.5,23.9,23.1,23.7,0.2,2765
342,2014-05-29,3854612,90723125,23.9,23.9,23.35,23.65,-0.05,1718
343,2014-05-30,6345205,152287170,23.75,24.25,23.65,24.0,0.35,2472
344,2014-06-03,4211688,102628533,24.2,24.6,24.1,24.4,0.4,1829
345,2014-06-04,7501289,188573847,24.6,25.55,24.4,25.4,1.0,2679
346,2014-06-05,6195160,158102859,25.4,26.0,25.1,25.4,0.0,2363
347,2014-06-06,4666123,119518109,25.7,25.95,25.2,25.3,-0.1,1621
348,2014-06-09,1863720,47363537,25.3,25.6,25.25,25.3,0.0,677
349,2014-06-10,2580496,65955163,25.6,25.7,25.4,25.55,0.25,1007
350,2014-06-11,9550406,251555511,26.0,26.6,26.0,26.4,0.85,2843
351,2014-06-12,3697319,97350544,26.6,26.7,26.1,26.15,-0.25,1504
352,2014-06-13,4766363,123856260,26.0,26.35,25.5,26.35,0.2,1477
353,2014-06-16,1993499,51832740,26.35,26.35,25.85,25.9,-0.45,771
354,2014-06-17,2634858,68711771,25.9,26.3,25.8,25.85,-0.05,1161
355,2014-06-18,3568324,93201033,26.2,26.4,25.9,26.2,0.35,1650
356,2014-06-19,3264278,84477316,26.2,26.25,25.65,25.75,-0.45,1027
357,2014-06-20,9635656,255610813,26.35,26.85,26.1,26.4,0.65,2842
358,2014-06-23,7681300,205460686,26.65,27.05,26.1,26.65,0.25,2771
359,2014-06-24,3656551,98131586,26.95,27.0,26.55,27.0,0.35,1331
360,2014-06-25,4397746,118670158,26.8,27.4,26.8,26.8,-0.2,1594
361,2014-06-26,12100756,338082693,27.0,28.65,26.7,28.65,1.85,3818
362,2014-06-27,8181499,238499382,29.15,29.6,28.7,29.25,0.6,3248
363,2014-06-30,4992466,144456172,29.4,29.55,28.6,28.95,-0.3,1901
364,2014-07-01,4385784,125475628,29.1,29.25,28.15,28.3,-0.65,1758
365,2014-07-02,5307681,148858249,28.4,28.7,27.15,27.85,-0.45,2097
366,2014-07-03,3689931,102876877,27.5,28.45,27.45,28.45,0.6,1647
367,2014-07-04,2730245,76453634,28.5,28.5,27.6,27.95,-0.5,1116
368,2014-07-07,1511447,41943725,27.95,28.0,27.65,27.65,-0.3,542
369,2014-07-08,1142770,31935903,27.65,28.35,27.65,27.8,0.15,573
370,2014-07-09,1737377,48606588,28.0,28.15,27.75,28.1,0.3,1013
371,2014-07-10,1069838,29950342,28.1,28.25,27.85,27.9,-0.2,454
372,2014-07-11,5789788,153556697,27.8,27.8,25.95,26.1,-1.8,2162
373,2014-07-14,2575820,66817982,26.15,26.2,25.7,26.0,-0.1,999
374,2014-07-15,1507551,40065335,26.45,26.8,26.3,26.75,0.75,677
375,2014-07-16,2689738,72946894,26.9,27.45,26.85,27.05,0.3,1246
376,2014-07-17,1086450,29336493,27.1,27.3,26.8,26.95,-0.1,555
377,2014-07-18,940142,25352352,26.9,27.2,26.6,27.15,0.2,449
378,2014-07-21,2521414,70068688,27.3,28.0,27.25,27.85,0.7,1183
379,2014-07-22,1440190,40241560,27.95,28.0,27.85,27.95,0.1,655
380,2014-07-24,2167837,61024312,28.1,28.6,27.85,28.05,0.1,906
381,2014-07-25,1208889,33561101,28.05,28.3,27.55,27.8,-0.25,607
382,2014-07-28,3305529,92822762,27.5,28.4,27.3,27.8,0.0,1486
383,2014-07-29,1883392,52178263,28.4,28.4,27.2,27.5,-0.3,986
384,2014-07-30,2381450,66808023,27.9,28.3,27.75,28.3,0.8,1029
385,2014-07-31,2941303,83327576,28.45,28.75,27.85,28.35,0.05,1304
386,2014-08-01,1455698,40836044,28.0,28.25,27.9,28.0,-0.35,676
387,2014-08-04,2310604,64661328,28.1,28.2,27.85,28.0,0.0,810
388,2014-08-05,3366499,88132669,25.95,26.3,25.9,26.25,0.0,1315
389,2014-08-06,2145068,55370128,26.2,26.2,25.1,25.8,-0.45,906
390,2014-08-07,2681510,67891354,25.85,26.0,25.05,25.05,-0.75,935
391,2014-08-08,1350200,33283750,25.0,25.05,24.45,24.75,-0.3,598
392,2014-08-11,1233978,31158329,25.05,25.6,24.75,25.55,0.8,695
393,2014-08-12,925197,23503471,25.55,25.6,25.3,25.4,-0.15,538
394,2014-08-13,5926051,157768330,26.7,27.15,25.9,27.15,1.75,2093
395,2014-08-14,2647760,70859582,27.05,27.05,26.3,26.55,-0.6,1157
396,2014-08-15,1469000,39090900,26.65,26.85,26.3,26.7,0.15,686
397,2014-08-18,1302627,34364435,26.7,26.9,26.0,26.3,-0.4,636
398,2014-08-19,1218623,32185180,26.5,26.6,26.3,26.35,0.05,629
399,2014-08-20,1162609,30446609,26.45,26.45,26.05,26.25,-0.1,643
400,2014-08-21,1335747,34567121,26.3,26.3,25.7,25.8,-0.45,558
401,2014-08-22,1056080,27518265,25.8,26.25,25.75,26.2,0.4,552
402,2014-08-25,1106030,29126748,26.2,26.55,26.05,26.3,0.1,515
403,2014-08-26,1984440,53082286,26.3,26.9,26.3,26.7,0.4,869
404,2014-08-27,1243110,33274498,26.9,26.9,26.6,26.85,0.15,588
405,2014-08-28,4013844,109194454,27.0,27.4,27.0,27.25,0.4,1400
406,2014-08-29,2021345,54846081,27.25,27.3,26.9,27.05,-0.2,752
407,2014-09-01,2060240,55849658,27.3,27.35,26.9,27.3,0.25,893
408,2014-09-02,1481394,40084113,27.2,27.3,26.9,26.9,-0.4,528
409,2014-09-03,1194080,32261326,27.1,27.25,26.85,27.25,0.35,561
410,2014-09-04,903263,24464601,27.25,27.25,27.0,27.0,-0.25,315
411,2014-09-05,1801084,48277144,27.1,27.1,26.7,26.75,-0.25,661
412,2014-09-09,1158725,31073596,26.8,27.1,26.65,26.75,0.0,523
413,2014-09-10,789149,21210881,26.9,27.0,26.6,27.0,0.25,428
414,2014-09-11,1210525,32460132,27.1,27.1,26.7,26.7,-0.3,672
415,2014-09-12,1493158,39318933,26.65,26.65,26.2,26.3,-0.4,685
416,2014-09-15,886164,23099368,26.3,26.3,26.0,26.05,-0.25,491
417,2014-09-16,688294,17941385,26.0,26.2,25.95,26.05,0.0,350
418,2014-09-17,543499,14192119,26.3,26.3,26.0,26.2,0.15,347
419,2014-09-18,890008,23131466,26.1,26.2,25.85,26.0,-0.2,445
420,2014-09-19,486863,12735426,26.2,26.3,26.05,26.2,0.2,284
421,2014-09-22,483445,12703252,26.3,26.35,26.2,26.25,0.05,253
422,2014-09-23,1118138,29049063,26.25,26.25,25.85,26.0,-0.25,356
423,2014-09-24,499351,12959826,25.7,26.1,25.7,26.0,0.0,544
424,2014-09-25,915092,23632502,26.1,26.2,25.55,25.9,-0.1,574
425,2014-09-26,585523,15026186,25.7,25.8,25.5,25.75,-0.15,434
426,2014-09-29,721735,18448801,25.95,25.95,25.5,25.5,-0.25,424
427,2014-09-30,1397543,35286125,25.5,25.55,24.9,25.4,-0.1,656
428,2014-10-01,732596,18715083,25.4,25.85,25.35,25.5,0.1,427
429,2014-10-02,574463,14502701,25.4,25.4,25.1,25.35,-0.15,348
430,2014-10-03,782032,19868189,25.25,25.65,25.25,25.45,0.1,422
431,2014-10-06,383264,9724338,25.45,25.45,25.25,25.4,-0.05,220
432,2014-10-07,749072,18926708,25.3,25.35,25.1,25.25,-0.15,353
433,2014-10-08,420485,10646463,25.25,25.5,25.2,25.4,0.15,260
434,2014-10-09,1310806,33675453,25.45,25.85,25.4,25.75,0.35,605
435,2014-10-13,1924520,47145026,24.5,25.0,23.95,24.15,-1.6,790
436,2014-10-14,2104433,49557289,24.0,24.05,23.0,23.8,-0.35,905
437,2014-10-15,4206573,94452172,23.5,23.5,22.15,22.15,-1.65,1482
438,2014-10-16,4723427,105325009,21.4,23.45,20.8,23.05,0.9,1680
439,2014-10-17,1900080,43040044,23.05,23.05,22.45,22.5,-0.55,614
440,2014-10-20,3141014,74723318,23.5,24.05,23.05,24.05,1.55,1021
441,2014-10-21,1242478,29632253,24.3,24.3,23.65,23.85,-0.2,715
442,2014-10-22,830771,19822066,23.9,24.1,23.65,23.85,0.0,447
443,2014-10-23,463796,11077276,23.85,24.05,23.7,23.85,0.0,280
444,2014-10-24,1101139,25822028,23.95,23.95,23.05,23.35,-0.5,527
445,2014-10-27,621424,14432027,23.35,23.4,23.0,23.2,-0.15,336
446,2014-10-28,616430,14580295,23.45,23.8,23.4,23.75,0.55,356
447,2014-10-29,1526407,37329420,24.0,24.7,23.95,24.5,0.75,694
448,2014-10-30,326263,7928771,24.25,24.45,24.1,24.45,-0.05,222
449,2014-10-31,1025799,25551843,24.45,25.25,24.45,25.1,0.65,517
450,2014-11-03,1567523,39729992,25.15,25.6,25.1,25.4,0.3,587
451,2014-11-04,544162,13836494,25.4,25.5,25.3,25.35,-0.05,275
452,2014-11-05,609904,15390300,25.35,25.45,25.0,25.0,-0.35,309
453,2014-11-06,537585,13499375,25.0,25.35,25.0,25.1,0.1,230
454,2014-11-07,305213,7687193,25.0,25.35,25.0,25.25,0.15,182
455,2014-11-10,537789,13682056,25.25,25.7,25.15,25.4,0.15,289
456,2014-11-11,713185,18226965,25.4,25.65,25.35,25.65,0.25,256
457,2014-11-12,2027461,52625458,25.65,26.3,25.6,25.9,0.25,905
458,2014-11-13,945525,24316131,25.9,25.95,25.55,25.65,-0.25,436
459,2014-11-14,1003948,25845611,25.95,25.95,25.55,25.6,-0.05,508
460,2014-11-17,1075411,27663434,25.8,25.8,25.6,25.65,0.05,410
461,2014-11-18,1063275,27217508,25.65,25.85,25.4,25.5,-0.15,433
462,2014-11-19,715262,18227381,25.3,25.6,25.3,25.5,0.0,322
463,2014-11-20,843907,21460884,25.5,25.55,25.35,25.5,0.0,335
464,2014-11-21,235860,6009401,25.6,25.65,25.4,25.4,-0.1,153
465,2014-11-24,273493,6947564,25.4,25.5,25.35,25.4,0.0,184
466,2014-11-25,374088,9504379,25.55,25.55,25.35,25.45,0.05,193
467,2014-11-26,710772,18015434,25.45,25.55,25.25,25.25,-0.2,394
468,2014-11-27,1213889,30544816,25.25,25.35,25.05,25.05,-0.2,422
469,2014-11-28,759525,18935937,25.05,25.15,24.8,24.9,-0.15,329
470,2014-12-01,446750,11065846,24.7,25.05,24.4,24.95,0.05,249
471,2014-12-02,642974,15939739,24.9,25.0,24.6,25.0,0.05,329
472,2014-12-03,829003,20670007,25.0,25.05,24.85,24.9,-0.1,386
473,2014-12-04,1202605,30313075,25.1,25.4,25.05,25.15,0.25,597
474,2014-12-05,305893,7727597,25.15,25.35,25.1,25.2,0.05,189
475,2014-12-08,570031,14441670,25.5,25.5,25.2,25.2,0.0,336
476,2014-12-09,630795,15843925,25.25,25.3,25.0,25.0,-0.2,331
477,2014-12-10,445150,11067650,25.0,25.0,24.8,24.85,-0.15,221
478,2014-12-11,522133,12882375,24.7,24.75,24.6,24.7,-0.15,314
479,2014-12-12,605056,14891017,24.7,24.7,24.5,24.7,0.0,408
480,2014-12-15,446020,10911876,24.55,24.6,24.4,24.45,-0.25,301
481,2014-12-16,856837,21204905,24.45,25.05,24.35,24.65,0.2,471
482,2014-12-17,351723,8628589,24.65,24.75,24.35,24.35,-0.3,294
483,2014-12-18,190902,4682943,24.5,24.8,24.45,24.5,0.15,143
484,2014-12-19,336863,8293890,24.6,24.8,24.45,24.5,0.0,244
485,2014-12-22,249053,6150793,24.5,24.85,24.45,24.7,0.2,169
486,2014-12-23,429180,10707314,24.7,25.1,24.7,24.95,0.25,246
487,2014-12-24,405261,10145553,24.95,25.1,24.8,25.1,0.15,271
488,2014-12-25,378831,9480025,25.1,25.1,24.9,24.95,-0.15,168
489,2014-12-26,262735,6547777,24.9,25.1,24.85,25.0,0.05,187
490,2014-12-27,521165,13166796,25.0,25.45,25.0,25.25,0.25,268
491,2014-12-29,754674,19041497,25.35,25.35,25.1,25.25,0.0,421
492,2014-12-30,443055,11195033,25.35,25.35,25.2,25.2,-0.05,231
493,2014-12-31,608843,15386186,25.2,25.4,25.15,25.25,0.05,341
494,2015-01-05,436207,11020533,25.35,25.35,25.15,25.25,0.0,183
495,2015-01-06,654723,16370887,25.2,25.2,24.85,24.9,-0.35,359
496,2015-01-07,698270,17316675,24.9,24.9,24.75,24.75,-0.15,382
497,2015-01-08,401309,10022318,25.05,25.05,24.85,24.95,0.2,211
498,2015-01-09,823200,20635519,25.2,25.2,24.85,25.05,0.1,370
499,2015-01-12,2216180,53943652,24.0,24.75,23.85,24.5,-0.55,978
500,2015-01-13,1270473,31078018,24.1,24.7,24.1,24.6,0.1,665
501,2015-01-14,1405848,34139793,24.5,24.5,24.1,24.35,-0.25,807
502,2015-01-15,1230429,29936433,24.1,24.55,24.1,24.4,0.05,445
503,2015-01-16,746799,18253054,24.2,24.55,24.2,24.4,0.0,385
504,2015-01-19,1290335,31721168,24.5,25.0,24.2,24.85,0.45,588
505,2015-01-20,1530241,38437498,24.85,25.25,24.8,25.15,0.3,676
506,2015-01-21,1895537,48308635,25.5,25.6,25.3,25.5,0.35,757
507,2015-01-22,1246617,31862405,25.6,25.65,25.45,25.55,0.05,615
508,2015-01-23,1511899,38947359,25.65,25.9,25.6,25.7,0.15,737
509,2015-01-26,1664461,43286996,25.7,26.25,25.6,26.1,0.4,753
510,2015-01-27,4763209,127130813,26.2,27.2,26.2,26.85,0.75,1905
511,2015-01-28,8099071,222538586,27.0,27.95,26.9,27.8,0.95,2612
512,2015-01-29,2751580,76143196,27.9,28.1,27.35,27.7,-0.1,1162
513,2015-01-30,2072556,57053924,27.8,27.9,27.25,27.5,-0.2,887
514,2015-02-02,1728253,46876431,27.5,27.5,26.9,27.1,-0.4,761
515,2015-02-03,1147097,31142963,27.2,27.3,26.95,27.2,0.1,461
516,2015-02-04,1127895,30788286,27.4,27.4,27.15,27.35,0.15,604
517,2015-02-05,3208379,89512648,27.5,28.15,27.4,27.75,0.4,1400
518,2015-02-06,8029044,229908271,27.95,29.2,27.8,29.0,1.25,2677
519,2015-02-09,3198394,92967597,29.0,29.5,28.65,29.0,0.0,1512
520,2015-02-10,1914619,55281696,29.0,29.15,28.6,28.85,-0.15,892
521,2015-02-11,1405502,40515312,29.0,29.05,28.65,28.8,-0.05,649
522,2015-02-12,820503,23603077,28.8,29.0,28.5,28.55,-0.25,382
523,2015-02-13,1350412,38575060,28.6,28.75,28.5,28.6,0.05,621
524,2015-02-24,1453587,40975351,28.65,28.8,27.9,27.95,-0.65,642
525,2015-02-25,1774405,49449430,28.0,28.2,27.6,27.8,-0.15,922
526,2015-02-26,821990,23056008,27.9,28.2,27.85,28.2,0.4,414
527,2015-03-02,1011530,28015763,27.6,28.05,27.6,27.8,-0.4,487
528,2015-03-03,775111,21488064,27.9,27.95,27.6,27.7,-0.1,448
529,2015-03-04,700766,19472008,27.8,27.95,27.65,27.65,-0.05,377
530,2015-03-05,703338,19495614,27.7,27.9,27.6,27.75,0.1,277
531,2015-03-06,468528,12992183,27.7,27.9,27.65,27.7,-0.05,264
532,2015-03-09,1269668,35378634,27.7,28.3,27.5,28.05,0.35,616
533,2015-03-10,567955,15831783,28.05,28.05,27.75,27.8,-0.25,268
534,2015-03-11,1652926,45272555,27.55,27.65,27.0,27.4,-0.4,876
535,2015-03-12,709458,19429941,27.2,27.5,27.2,27.3,-0.1,371
536,2015-03-13,519585,14284527,27.4,27.6,27.4,27.5,0.2,295
537,2015-03-16,417709,11511936,27.35,27.7,27.35,27.6,0.1,205
538,2015-03-17,855346,23451689,27.45,27.6,27.3,27.4,-0.2,326
539,2015-03-18,1385783,37643190,27.35,27.45,27.0,27.1,-0.3,642
540,2015-03-19,1318117,35532859,27.1,27.2,26.8,27.0,-0.1,620
541,2015-03-20,757992,20536625,27.0,27.2,27.0,27.2,0.2,286
542,2015-03-23,1231111,33370247,27.2,27.3,27.0,27.1,-0.1,524
543,2015-03-24,1123520,30914107,27.1,27.8,27.1,27.75,0.65,527
544,2015-03-25,674218,18640347,27.75,27.8,27.5,27.75,0.0,367
545,2015-03-26,1250843,34921216,27.7,28.35,27.35,28.25,0.5,710
546,2015-03-27,1684138,47081164,28.3,28.35,27.8,27.95,-0.3,616
547,2015-03-30,774191,21509504,28.0,28.05,27.5,27.95,0.0,536
548,2015-03-31,4693571,136657005,29.5,29.6,28.8,28.95,1.0,1905
549,2015-04-01,1439718,41244693,28.95,28.95,28.5,28.6,-0.35,635
550,2015-04-02,1262416,36040524,28.6,28.7,28.45,28.45,-0.15,511
551,2015-04-07,2080720,60310336,28.5,29.2,28.45,29.0,0.55,910
552,2015-04-08,1063121,30570482,29.1,29.1,28.65,28.8,-0.2,649
553,2015-04-09,873500,25139928,28.8,28.9,28.7,28.85,0.05,507
554,2015-04-10,1252951,36276729,28.95,29.15,28.8,29.15,0.3,606
555,2015-04-13,1928344,55876441,29.2,29.2,28.7,28.95,-0.2,957
556,2015-04-14,1396711,40580933,29.05,29.2,28.95,29.15,0.2,676
557,2015-04-15,735781,21358799,29.2,29.2,28.95,29.0,-0.15,450
558,2015-04-16,1107034,32267784,29.1,29.3,29.0,29.2,0.2,463
559,2015-04-17,1170746,34025879,29.2,29.25,28.7,29.25,0.05,634
560,2015-04-20,1125555,32810695,29.25,29.3,29.0,29.05,-0.2,613
561,2015-04-21,1098457,31539320,29.1,29.1,28.5,28.5,-0.55,571
562,2015-04-22,804786,22815280,28.5,28.65,28.2,28.2,-0.3,448
563,2015-04-23,1922206,55099033,28.55,29.0,28.5,28.65,0.45,849
564,2015-04-24,1375134,39211984,28.65,28.8,28.2,28.3,-0.35,725
565,2015-04-27,2619515,73843748,28.3,28.5,27.9,27.9,-0.4,890
566,2015-04-28,1366752,38296306,27.9,28.15,27.9,28.05,0.15,503
567,2015-04-29,703654,19885039,28.05,28.35,28.0,28.35,0.3,344
568,2015-04-30,1166875,32986994,28.4,28.5,28.15,28.4,0.05,408
569,2015-05-04,673689,18989526,28.5,28.5,28.05,28.2,-0.2,317
570,2015-05-05,365927,10268842,28.05,28.15,28.0,28.05,-0.15,220
571,2015-05-06,753995,20955703,27.9,28.0,27.6,27.85,-0.2,452
572,2015-05-07,717225,19762278,27.8,27.8,27.5,27.5,-0.35,377
573,2015-05-08,756789,20608406,27.5,27.5,27.1,27.15,-0.35,408
574,2015-05-11,1480940,39419159,27.15,27.15,26.4,26.4,-0.75,676
575,2015-05-12,502139,13363435,26.4,26.85,26.3,26.75,0.35,373
576,2015-05-13,437761,11781247,26.75,27.15,26.65,27.05,0.3,212
577,2015-05-14,1157271,31627112,27.15,27.55,27.1,27.2,0.15,620
578,2015-05-15,419742,11476432,27.2,27.5,27.2,27.35,0.15,336
579,2015-05-18,2062291,57868741,27.7,28.3,27.7,27.9,0.55,917
580,2015-05-19,819796,22804784,28.2,28.2,27.6,27.6,-0.3,431
581,2015-05-20,594993,16421602,27.7,27.85,27.45,27.55,-0.05,262
582,2015-05-21,456046,12605764,27.75,27.8,27.5,27.65,0.1,281
583,2015-05-22,350471,9686493,27.65,27.85,27.45,27.7,0.05,234
584,2015-05-25,363125,9984781,27.65,27.65,27.4,27.5,-0.2,209
585,2015-05-26,595410,16271665,27.5,27.5,27.2,27.25,-0.25,269
586,2015-05-27,736676,19923602,27.3,27.45,26.9,27.0,-0.25,423
587,2015-05-28,540579,14639356,27.0,27.2,26.9,27.05,0.05,324
588,2015-05-29,387563,10481226,27.05,27.15,26.95,27.05,0.0,223
589,2015-06-01,545803,14650049,26.8,27.1,26.7,26.85,-0.2,235
590,2015-06-02,734645,19626464,26.85,26.9,26.6,26.6,-0.25,461
591,2015-06-03,730914,19269920,26.6,26.7,26.05,26.15,-0.45,446
592,2015-06-04,1349785,34626846,26.0,26.1,25.1,25.35,-0.8,745
593,2015-06-05,567152,14410273,25.35,25.6,25.25,25.55,0.2,318
594,2015-06-08,519916,13377027,25.6,25.9,25.5,25.85,0.3,281
595,2015-06-09,937801,23577244,25.8,25.8,25.0,25.0,-0.85,462
596,2015-06-10,557156,14038638,25.1,25.5,25.0,25.05,0.05,418
597,2015-06-11,868106,21613781,25.05,25.05,24.8,24.95,-0.1,474
598,2015-06-12,309517,7737069,24.95,25.2,24.85,24.9,-0.05,253
599,2015-06-15,419987,10388124,24.8,24.95,24.6,24.6,-0.3,250
600,2015-06-16,531273,12895236,24.6,24.7,24.05,24.25,-0.35,288
601,2015-06-17,395450,9592352,24.25,24.45,24.05,24.15,-0.1,323
602,2015-06-18,472988,11616952,24.15,24.85,24.15,24.8,0.65,260
603,2015-06-22,466495,11773819,24.9,25.45,24.9,25.45,0.65,249
604,2015-06-23,480127,12156373,25.5,25.5,25.15,25.25,-0.2,312
605,2015-06-24,501950,12556671,25.25,25.25,24.85,24.95,-0.3,270
606,2015-06-25,1331400,33549407,24.8,25.45,24.8,25.35,0.4,698
607,2015-06-26,1044224,26679881,25.4,25.7,25.35,25.55,0.2,414
608,2015-06-29,890091,22607401,25.6,26.05,25.05,26.05,0.5,427
609,2015-06-30,654688,16796476,25.75,26.0,25.45,26.0,-0.05,338
610,2015-07-01,648351,16974746,26.0,26.4,25.85,26.15,0.15,364
611,2015-07-02,760847,19944511,26.4,26.55,25.95,25.95,-0.2,425
612,2015-07-03,516703,13293405,25.9,25.9,25.65,25.9,-0.05,263
613,2015-07-06,260992,6698338,25.8,25.8,25.6,25.65,-0.25,166
614,2015-07-07,197540,5078623,25.65,25.9,25.6,25.7,0.05,110
615,2015-07-08,824166,20776030,25.65,25.65,25.0,25.45,-0.25,438
616,2015-07-09,351161,8748839,25.25,25.25,24.5,25.0,-0.45,249
617,2015-07-13,364952,9191475,25.1,25.35,25.0,25.25,0.25,240
618,2015-07-14,289546,7329734,25.45,25.5,25.2,25.4,0.15,156
619,2015-07-15,214351,5410824,25.45,25.5,25.1,25.15,-0.25,133
620,2015-07-16,405055,10217738,25.3,25.4,25.0,25.25,0.1,198
621,2015-07-17,289026,7307101,25.45,25.5,25.1,25.1,-0.15,182
622,2015-07-20,596004,14898950,25.2,25.25,24.85,24.9,-0.2,291
623,2015-07-21,525881,13149125,25.1,25.15,24.9,25.1,0.2,205
624,2015-07-22,931125,23462760,25.1,25.4,25.0,25.3,0.2,390
625,2015-07-23,407328,10245130,25.3,25.4,25.0,25.1,-0.2,264
626,2015-07-24,344464,8611950,25.0,25.1,24.95,25.0,-0.1,198
627,2015-07-27,645354,16103390,25.0,25.25,24.6,24.6,-0.4,321
628,2015-07-28,423613,10340566,24.6,24.65,24.1,24.5,-0.1,257
629,2015-07-29,299417,7310821,24.5,24.55,24.3,24.5,0.0,154
630,2015-07-30,207851,5145692,24.55,24.85,24.55,24.85,0.35,140
631,2015-07-31,410100,10240982,24.85,25.5,24.6,25.3,0.45,231
632,2015-08-03,414001,10405773,25.3,25.4,25.0,25.0,-0.3,249
633,2015-08-04,446170,11187154,25.05,25.25,25.0,25.0,0.0,271
634,2015-08-05,302462,7603558,25.2,25.25,25.0,25.25,0.25,186
635,2015-08-06,416795,10520961,25.3,25.45,25.1,25.2,-0.05,266
636,2015-08-07,421555,10605001,25.2,25.25,25.0,25.05,-0.15,254
637,2015-08-10,565470,14374299,25.05,25.6,25.05,25.45,0.4,287
638,2015-08-11,744287,18983020,25.6,25.65,25.3,25.5,0.05,383
639,2015-08-12,434585,10987316,25.4,25.5,25.1,25.45,-0.05,241
640,2015-08-13,581798,14685474,25.1,25.45,25.1,25.4,-0.05,279
641,2015-08-14,666646,16792404,25.25,25.4,25.1,25.2,-0.2,351
642,2015-08-17,1139899,28531825,25.2,25.2,24.9,25.0,-0.2,490
643,2015-08-18,2060000,51659293,25.0,25.2,24.9,25.1,0.1,760
644,2015-08-19,2187902,45542382,21.5,21.55,20.3,20.5,0.0,990
645,2015-08-20,919737,18566812,20.3,20.35,20.0,20.35,-0.15,416
646,2015-08-21,1366986,26950668,20.0,20.1,19.55,19.55,-0.8,563
647,2015-08-24,1974357,36151500,18.5,19.0,18.0,18.0,-1.55,781
648,2015-08-25,909579,16380265,17.4,18.4,17.4,18.3,0.3,518
649,2015-08-26,919363,16972397,18.2,18.95,18.15,18.85,0.55,455
650,2015-08-27,687703,13271376,19.1,19.5,19.05,19.4,0.55,417
651,2015-08-28,503229,9931475,19.8,19.9,19.6,19.6,0.2,303
652,2015-08-31,604874,11876859,19.8,19.8,19.3,19.65,0.05,266
653,2015-09-01,260128,5143248,19.6,19.95,19.5,19.8,0.15,166
654,2015-09-02,507100,9912150,19.45,19.65,19.4,19.65,-0.15,202
655,2015-09-03,397120,7780155,19.65,19.75,19.5,19.65,0.0,212
656,2015-09-04,433661,8600754,19.75,20.05,19.6,19.6,-0.05,225
657,2015-09-07,219110,4274127,19.5,19.7,19.3,19.65,0.05,111
658,2015-09-08,189117,3727940,19.6,19.8,19.55,19.65,0.0,114
659,2015-09-09,626615,12555695,19.85,20.3,19.8,20.25,0.6,307
660,2015-09-10,293781,5924974,20.15,20.3,20.1,20.2,-0.05,148
661,2015-09-11,602807,12444785,20.2,20.9,20.2,20.7,0.5,354
662,2015-09-14,409916,8450497,20.9,20.9,20.5,20.55,-0.15,247
663,2015-09-15,1081860,22919461,21.0,21.35,21.0,21.3,0.75,495
664,2015-09-16,633403,13672645,21.6,21.7,21.45,21.5,0.2,346
665,2015-09-17,547771,11854055,21.5,21.8,21.5,21.6,0.1,249
666,2015-09-18,537122,11606597,21.6,21.75,21.4,21.75,0.15,289
667,2015-09-21,227233,4874504,21.75,21.75,21.35,21.45,-0.3,153
668,2015-09-22,480306,10427260,21.5,21.8,21.4,21.75,0.3,228
669,2015-09-23,228822,4934584,21.6,21.65,21.45,21.55,-0.2,179
670,2015-09-24,504686,10820187,21.5,21.75,21.15,21.2,-0.35,228
671,2015-09-25,233709,4983698,21.2,21.55,21.05,21.45,0.25,168
672,2015-09-30,320402,6824776,21.2,21.6,21.1,21.4,-0.05,230
673,2015-10-01,346464,7488270,21.4,21.75,21.4,21.65,0.25,268
674,2015-10-02,306350,6591950,21.6,21.6,21.45,21.45,-0.2,188
675,2015-10-05,365403,7918875,21.6,21.8,21.55,21.7,0.25,255
676,2015-10-06,469019,10211368,21.8,21.95,21.6,21.65,-0.05,231
677,2015-10-07,550020,11824899,21.5,21.65,21.35,21.65,0.0,358
678,2015-10-08,685769,14747770,21.6,21.65,21.4,21.5,-0.15,327
679,2015-10-12,378576,8201576,21.5,21.8,21.5,21.8,0.3,258
680,2015-10-13,371981,8081671,21.7,21.9,21.5,21.7,-0.1,267
681,2015-10-14,322610,6979788,21.7,21.8,21.5,21.65,-0.05,271
682,2015-10-15,287860,6249706,21.7,21.85,21.65,21.65,0.0,255
683,2015-10-16,693605,15154177,21.7,21.95,21.7,21.95,0.3,390
684,2015-10-19,586671,13027738,22.0,22.3,21.95,22.25,0.3,337
685,2015-10-20,487049,10790180,22.25,22.3,22.0,22.1,-0.15,352
686,2015-10-21,391228,8593386,22.1,22.1,21.85,21.9,-0.2,267
687,2015-10-22,316440,7001080,21.9,22.3,21.9,22.0,0.1,179
688,2015-10-23,654049,14389760,22.0,22.25,21.85,21.85,-0.15,319
689,2015-10-26,586825,12818025,22.0,22.0,21.75,21.75,-0.1,386
690,2015-10-27,1351152,29981326,21.75,22.4,21.75,22.4,0.65,651
691,2015-10-28,879337,19702805,22.5,22.55,22.3,22.35,-0.05,387
692,2015-10-29,436230,9696937,22.35,22.45,22.1,22.15,-0.2,280
693,2015-10-30,486950,10713191,22.0,22.15,21.9,22.05,-0.1,248
694,2015-11-02,332371,7361094,22.05,22.2,22.0,22.15,0.1,237
695,2015-11-03,750606,16570582,22.25,22.25,22.0,22.1,-0.05,417
696,2015-11-04,891847,19667079,22.05,22.25,21.95,22.05,-0.05,518
697,2015-11-05,519006,11488376,22.05,22.25,22.05,22.1,0.05,269
698,2015-11-06,619760,13635870,22.1,22.1,21.9,22.0,-0.1,341
699,2015-11-09,448193,9847749,22.0,22.25,21.8,21.9,-0.1,222
700,2015-11-10,213607,4648513,21.8,21.85,21.6,21.75,-0.15,140
701,2015-11-11,498895,10731956,21.7,21.85,21.1,21.3,-0.45,374
702,2015-11-12,942461,20832392,21.7,22.5,21.65,22.0,0.7,557
703,2015-11-13,1057880,23609330,22.3,22.55,22.05,22.3,0.3,562
704,2015-11-16,363673,8027064,22.05,22.25,21.95,22.25,-0.05,225
705,2015-11-17,333900,7432621,22.3,22.45,22.1,22.1,-0.15,248
706,2015-11-18,700158,15376634,22.35,22.35,21.7,21.9,-0.2,315
707,2015-11-19,360755,7918865,21.9,22.15,21.8,21.9,0.0,212
708,2015-11-20,730850,15756989,21.9,21.9,21.1,21.55,-0.35,364
709,2015-11-23,349694,7622535,21.7,21.95,21.55,21.75,0.2,188
710,2015-11-24,243562,5305737,21.75,21.9,21.6,21.9,0.15,133
711,2015-11-25,2432034,54542547,22.5,22.75,22.0,22.45,0.55,976
712,2015-11-26,3619611,84161676,22.8,24.0,22.6,23.9,1.45,1554
713,2015-11-27,3528275,86578264,24.6,24.95,24.05,24.2,0.3,1599
714,2015-11-30,1344880,32171172,24.1,24.15,23.5,24.0,-0.2,772
715,2015-12-01,823653,19990995,24.55,24.55,24.0,24.05,0.05,467
716,2015-12-02,1572525,38182266,24.3,24.45,24.0,24.45,0.4,746
717,2015-12-03,1140763,27442866,24.3,24.35,23.7,23.75,-0.7,566
718,2015-12-04,837651,19702544,23.6,23.85,23.3,23.75,0.0,500
719,2015-12-07,445059,10615279,23.9,23.95,23.75,23.75,0.0,276
720,2015-12-08,235410,5572395,23.8,23.8,23.55,23.55,-0.2,174
721,2015-12-09,639792,14824216,23.5,23.55,22.95,23.0,-0.55,401
722,2015-12-10,568082,12974723,22.95,23.3,22.55,23.3,0.3,330
723,2015-12-11,594035,13628843,23.25,23.25,22.8,22.8,-0.5,367
724,2015-12-14,396961,8932114,22.5,22.7,22.35,22.4,-0.4,253
725,2015-12-15,471981,10716262,22.4,22.95,22.35,22.65,0.25,249
726,2015-12-16,368123,8432861,22.7,23.15,22.55,23.0,0.35,258
727,2015-12-17,363256,8377800,23.0,23.35,22.85,22.9,-0.1,239
728,2015-12-18,355736,8197709,22.9,23.2,22.85,23.2,0.3,285
729,2015-12-21,247167,5739483,23.05,23.4,23.05,23.3,0.1,179
730,2015-12-22,343945,7961480,23.3,23.45,22.95,23.05,-0.25,196
731,2015-12-23,253650,5823772,23.05,23.2,22.9,22.9,-0.15,181
732,2015-12-24,195414,4489038,22.9,23.1,22.9,23.0,0.1,135
733,2015-12-25,509608,11765884,23.0,23.4,22.9,22.95,-0.05,207
734,2015-12-28,358004,8266262,23.0,23.2,22.95,23.0,0.05,192
735,2015-12-29,318205,7288166,23.0,23.1,22.8,22.8,-0.2,180
736,2015-12-30,206215,4723643,22.95,23.1,22.8,22.8,0.0,135
737,2015-12-31,265265,6100509,23.0,23.15,22.8,23.0,0.2,147
738,2016-01-04,395838,9145344,23.3,23.3,22.85,23.1,0.1,256
739,2016-01-05,301451,6876556,23.1,23.1,22.6,22.65,-0.45,179
740,2016-01-06,558658,12502166,22.75,22.75,22.2,22.25,-0.4,287
741,2016-01-07,664322,14568969,22.5,22.5,21.7,21.85,-0.4,415
742,2016-01-08,542778,11975443,21.8,22.4,21.65,22.3,0.45,219
743,2016-01-11,658606,14585837,22.4,22.4,21.9,22.1,-0.2,218
744,2016-01-12,372521,8237586,22.2,22.35,21.9,21.95,-0.15,205
745,2016-01-13,162409,3603355,22.0,22.3,22.0,22.15,0.2,116
746,2016-01-14,538887,11813145,22.1,22.1,21.8,21.85,-0.3,235
747,2016-01-15,261707,5750836,22.0,22.1,21.85,21.9,0.05,165
748,2016-01-18,444416,9797059,21.85,22.35,21.75,22.3,0.4,332
749,2016-01-19,488363,10746086,22.3,22.3,21.9,22.0,-0.3,333
750,2016-01-20,302442,6593057,22.0,22.0,21.65,21.7,-0.3,178
751,2016-01-21,309415,6660308,21.7,21.7,21.4,21.6,-0.1,171
752,2016-01-22,205893,4436438,21.6,21.65,21.4,21.55,-0.05,160
753,2016-01-25,255304,5580752,21.75,22.0,21.7,21.9,0.35,192
754,2016-01-26,116341,2529327,21.8,21.8,21.7,21.75,-0.15,92
755,2016-01-27,210310,4597219,21.9,22.0,21.7,21.7,-0.05,134
756,2016-01-28,200291,4378868,21.7,21.95,21.7,21.9,0.2,149
757,2016-01-29,353732,7792755,21.9,22.2,21.85,22.1,0.2,207
758,2016-01-30,261192,5817755,22.2,22.4,22.15,22.3,0.2,167
759,2016-02-01,594242,13168916,22.45,22.45,21.95,22.3,0.0,297
760,2016-02-02,372125,8240128,22.4,22.4,22.0,22.2,-0.1,210
761,2016-02-03,374173,8298736,22.2,22.35,22.0,22.2,0.0,191
762,2016-02-15,256037,5671862,22.05,22.3,22.0,22.2,0.0,171
763,2016-02-16,456347,10144425,22.15,22.35,22.15,22.3,0.1,326
764,2016-02-17,589601,13044577,22.35,22.35,21.95,22.05,-0.25,348
765,2016-02-18,315707,7005456,22.2,22.3,22.1,22.2,0.15,208
766,2016-02-19,625229,13964149,22.25,22.5,22.15,22.5,0.3,441
767,2016-02-22,458274,10299503,22.4,22.55,22.4,22.5,0.0,252
768,2016-02-23,624544,14101632,22.55,22.7,22.45,22.5,0.0,346
769,2016-02-24,625830,14188782,22.45,22.8,22.45,22.65,0.15,317
770,2016-02-25,714266,16445156,22.75,23.4,22.75,22.8,0.15,365
771,2016-02-26,589751,13479867,23.0,23.1,22.75,22.8,0.0,263
772,2016-03-01,342497,7859073,22.95,23.1,22.8,22.95,0.15,223
773,2016-03-02,542188,12462736,23.2,23.2,22.9,22.9,-0.05,273
774,2016-03-03,880736,20397670,22.9,23.4,22.9,23.35,0.45,398
775,2016-03-04,690560,16128087,23.35,23.5,23.15,23.4,0.05,349
776,2016-03-07,677199,15952211,23.4,23.7,23.4,23.6,0.2,360
777,2016-03-08,812682,19251635,23.8,23.9,23.4,23.7,0.1,421
778,2016-03-09,966709,23029316,23.7,23.95,23.55,23.95,0.25,378
779,2016-03-10,1600356,38531355,24.0,24.25,23.95,24.25,0.3,572
780,2016-03-11,2140560,52122897,24.2,24.5,24.05,24.45,0.2,866
781,2016-03-14,4125540,102856235,24.6,25.3,24.5,25.25,0.8,1346
782,2016-03-15,9036300,232399930,25.9,26.2,24.8,25.5,0.25,2846
783,2016-03-16,2313697,58594855,25.55,25.8,25.0,25.5,0.0,971
784,2016-03-17,1952775,49532025,25.4,25.8,25.0,25.05,-0.45,758
785,2016-03-18,1106320,27829675,25.15,25.35,25.0,25.25,0.2,570
786,2016-03-21,797413,20109608,25.3,25.45,25.0,25.2,-0.05,338
787,2016-03-22,1067921,27146580,25.4,25.6,25.25,25.4,0.2,523
788,2016-03-23,3478339,90185532,25.7,26.4,25.65,25.65,0.25,1383
789,2016-03-24,1412719,36128329,25.6,25.8,25.35,25.55,-0.1,763
790,2016-03-25,929673,23816079,25.7,25.85,25.45,25.5,-0.05,442
791,2016-03-28,764594,19424946,25.6,25.6,25.25,25.25,-0.25,507
792,2016-03-29,1408813,35101975,25.25,25.25,24.65,24.85,-0.4,733
793,2016-03-30,1275847,31491707,24.85,25.0,24.55,24.6,-0.25,626
794,2016-03-31,679067,16832374,24.6,24.95,24.6,24.8,0.2,418
795,2016-04-01,837802,20930752,24.9,25.4,24.75,25.35,0.55,513
796,2016-04-06,3076918,78811370,25.2,26.4,24.8,26.3,0.95,1269
797,2016-04-07,2238815,58457572,26.5,26.5,25.85,25.85,-0.45,1085
798,2016-04-08,1091738,28234598,25.85,26.1,25.7,25.9,0.05,593
799,2016-04-11,3265473,85327048,26.05,26.45,25.9,26.15,0.25,1244
800,2016-04-12,1524005,39458652,26.3,26.4,25.6,25.6,-0.55,816
801,2016-04-13,782209,20181584,25.8,25.95,25.65,25.75,0.15,476
802,2016-04-14,4697819,124503291,25.95,27.0,25.9,26.7,0.95,1821
803,2016-04-15,8490494,233784319,26.9,28.2,26.9,27.5,0.8,3569
804,2016-04-18,4194938,117026459,27.5,28.2,27.25,27.85,0.35,1858
805,2016-04-19,6244125,176323246,28.3,28.75,27.8,27.8,-0.05,2480
806,2016-04-20,2529499,70172806,28.0,28.1,27.55,27.6,-0.2,1338
807,2016-04-21,3302160,92246450,27.95,28.4,27.5,28.0,0.4,1643
808,2016-04-22,3704904,104288737,27.8,28.4,27.75,28.25,0.25,2122
809,2016-04-25,1171689,32727455,28.05,28.15,27.8,27.9,-0.35,607
810,2016-04-26,3835260,108906980,28.5,28.8,28.15,28.15,0.25,1752
811,2016-04-27,3443805,97975561,28.0,28.6,27.9,28.55,0.4,1500
812,2016-04-28,2678449,75366172,28.65,28.7,27.7,28.1,-0.45,1191
813,2016-04-29,1293652,36062935,27.85,28.1,27.8,27.95,-0.15,689
814,2016-05-03,734807,20533607,28.05,28.15,27.8,27.85,-0.1,366
815,2016-05-04,2744277,74953206,27.8,27.8,27.0,27.1,-0.75,1261
816,2016-05-05,1543744,42149182,27.1,27.6,27.05,27.5,0.4,639
817,2016-05-06,1951519,54686248,27.6,28.4,27.55,27.95,0.45,934
818,2016-05-09,1190248,33116797,27.95,28.2,27.55,27.65,-0.3,546
819,2016-05-10,2350412,66225212,27.7,28.4,27.55,28.35,0.7,1048
820,2016-05-11,5630186,161710553,28.45,29.0,28.35,28.7,0.35,1938
821,2016-05-12,4658698,135637699,28.65,29.4,28.65,28.95,0.25,1992
822,2016-05-13,3734414,106971748,29.0,29.4,28.0,28.4,-0.55,1802
823,2016-05-16,2398174,68478357,28.1,29.0,27.8,28.7,0.3,1188
824,2016-05-17,4657536,132802406,28.75,29.05,28.05,28.35,-0.35,2291
825,2016-05-18,5395221,153173292,27.9,29.0,27.55,29.0,0.65,2596
826,2016-05-19,3946455,112319380,28.6,28.85,28.1,28.55,-0.45,2173
827,2016-05-20,1597443,45466372,28.5,28.7,28.3,28.55,0.0,1091
828,2016-05-23,2023645,57813000,28.4,28.8,28.2,28.55,0.0,1002
829,2016-05-24,1502208,43003440,28.5,28.85,28.4,28.75,0.2,698
830,2016-05-25,8403165,251358427,28.9,30.7,28.9,30.3,1.55,3563
831,2016-05-26,7707037,241637766,30.6,32.05,30.5,31.45,1.15,3599
832,2016-05-27,4273533,135036207,31.6,32.1,31.05,32.0,0.55,1971
833,2016-05-30,2725676,87616236,32.05,32.5,31.8,32.2,0.2,1212
834,2016-05-31,2582421,82748544,32.2,32.45,31.75,32.0,-0.2,998
835,2016-06-01,1978396,63408135,31.75,32.2,31.6,32.05,0.05,1067
836,2016-06-02,5062878,166882566,32.35,33.45,32.25,33.0,0.95,2116
837,2016-06-03,1583080,51992298,32.55,33.1,32.55,32.9,-0.1,715
838,2016-06-04,640750,21111815,32.9,33.15,32.8,32.85,-0.05,341
839,2016-06-06,1571118,51632490,33.15,33.45,32.55,32.8,-0.05,748
840,2016-06-07,1899946,62111084,32.85,33.1,32.35,32.7,-0.1,760
841,2016-06-08,1852245,60625612,32.7,33.25,32.4,32.7,0.0,935
842,2016-06-13,1488447,47625425,32.35,32.4,31.7,31.85,-0.85,739
843,2016-06-14,1390175,44410966,31.7,32.15,31.65,31.95,0.1,655
844,2016-06-15,5363769,179646790,32.15,34.4,31.8,34.25,2.3,2752
845,2016-06-16,5181859,179446877,34.25,35.25,34.05,34.35,0.1,2535
846,2016-06-17,4095158,143253534,34.6,35.3,34.6,35.0,0.65,1818
847,2016-06-20,6584853,242537449,35.5,38.0,35.5,37.15,2.15,3280
848,2016-06-21,7822476,298998877,37.3,39.0,37.3,39.0,1.85,3887
849,2016-06-22,6673710,253773830,39.0,39.1,37.45,37.75,-1.25,3446
850,2016-06-23,4662753,178506443,38.0,38.8,37.7,37.7,-0.05,2438
851,2016-06-24,6020147,221324106,37.5,37.7,36.0,36.8,-0.9,3096
852,2016-06-27,4469168,169882096,37.7,38.95,37.15,38.2,1.4,2142
853,2016-06-28,2733513,103504603,37.85,38.2,37.5,38.0,-0.2,1610
854,2016-06-29,2962207,113119351,38.5,38.8,37.8,37.9,-0.1,1472
855,2016-06-30,3663973,138217879,38.2,38.3,37.0,37.15,-0.75,1679
856,2016-07-01,5483538,210117962,37.4,38.75,37.35,38.75,1.6,2247
857,2016-07-04,8883098,358740868,39.0,41.35,38.9,41.35,2.6,4090
858,2016-07-05,8753140,344943520,39.7,40.45,38.3,38.3,0.0,4222
859,2016-07-06,2852963,106806103,37.95,38.0,37.1,37.3,-1.0,1616
860,2016-07-07,2840545,107641330,37.95,38.3,37.55,37.55,0.25,1413
861,2016-07-11,2265685,84629903,37.8,37.9,37.2,37.2,-0.35,1093
862,2016-07-12,1846781,69283781,37.0,37.9,36.9,37.65,0.45,988
863,2016-07-13,2886572,107575638,38.0,38.0,36.95,37.15,-0.5,1382
864,2016-07-14,4002718,147022732,37.0,37.3,36.4,36.4,-0.75,1768
865,2016-07-15,4219819,152355984,36.4,36.6,35.6,36.15,-0.25,2128
866,2016-07-18,2499362,90012082,36.0,36.35,35.7,36.0,-0.15,1202
867,2016-07-19,2315027,84055266,36.0,36.75,35.75,36.3,0.3,1402
868,2016-07-20,2308516,84028272,36.3,36.8,35.9,36.4,0.1,1035
869,2016-07-21,1803760,66051380,36.5,36.8,36.45,36.5,0.1,719
870,2016-07-22,4031979,143974647,36.5,36.5,35.35,35.35,-1.15,1901
871,2016-07-25,5055622,175682125,35.35,35.6,34.3,34.55,-0.8,2048
872,2016-07-26,4250936,150453946,34.55,36.35,34.35,36.2,1.65,1988
873,2016-07-27,6683269,249860300,36.8,37.95,36.65,37.65,1.45,3320
874,2016-07-28,3198178,119668871,37.8,37.9,36.5,37.25,-0.4,1671
875,2016-07-29,2254924,84193888,37.25,37.9,36.9,37.0,-0.25,1166
876,2016-08-01,1617556,60292941,37.15,37.7,36.95,37.35,0.35,826
877,2016-08-02,8005615,307254059,38.5,38.8,37.8,38.7,1.35,3725
878,2016-08-03,2915432,111609346,38.5,38.5,38.0,38.3,-0.4,1489
879,2016-08-04,3318523,128094280,38.85,38.9,38.35,38.6,0.3,1772
880,2016-08-05,3824121,148635407,39.0,39.1,38.6,38.65,0.05,1924
881,2016-08-08,3125088,119140656,38.8,38.9,37.8,38.0,-0.65,1524
882,2016-08-09,1728589,65717601,38.0,38.45,37.7,37.8,-0.2,1076
883,2016-08-10,1511459,57599307,38.1,38.3,37.8,38.3,0.5,783
884,2016-08-11,7170378,282480933,38.6,40.2,38.35,39.35,1.05,3731
885,2016-08-12,2586303,101819257,39.8,39.8,38.95,39.5,0.15,1400
886,2016-08-15,2043377,79948503,39.5,39.7,38.95,39.2,-0.3,960
887,2016-08-16,1522488,59309074,39.25,39.35,38.7,38.9,-0.3,809
888,2016-08-17,2664472,104109703,39.0,39.4,38.5,38.9,0.0,1556
889,2016-08-18,1313010,51087174,38.9,39.1,38.7,38.95,0.05,843
890,2016-08-19,1432280,55762248,39.0,39.3,38.65,38.85,-0.1,691
891,2016-08-22,2290742,87382846,38.55,38.6,37.95,38.0,-0.85,1088
892,2016-08-23,3922755,151921253,37.85,39.3,37.6,39.0,1.0,1847
893,2016-08-24,1519162,59396329,39.3,39.4,38.8,39.1,0.1,739
894,2016-08-25,1504191,58670540,39.0,39.3,38.6,38.95,-0.15,697
895,2016-08-26,923208,35827111,38.95,39.0,38.65,38.95,0.0,500
896,2016-08-29,1234388,47490563,38.95,38.95,38.15,38.4,-0.55,663
897,2016-08-30,666718,25561089,38.6,38.6,38.1,38.4,0.0,452
898,2016-08-31,2061105,80074432,38.4,39.3,38.1,38.9,0.5,854
899,2016-09-01,1650471,64371290,39.05,39.25,38.6,39.1,0.2,842
900,2016-09-02,1516367,59193862,39.2,39.5,38.7,38.95,-0.15,764
901,2016-09-05,1310119,51155005,39.0,39.25,38.85,38.85,-0.1,562
902,2016-09-06,2063424,79232635,38.6,38.75,38.05,38.55,-0.3,1028
903,2016-09-07,1011210,39031991,38.8,38.8,38.5,38.55,0.0,691
904,2016-09-08,882536,33901699,38.45,38.65,38.15,38.55,0.0,645
905,2016-09-09,842797,32258441,38.4,38.4,38.15,38.4,-0.15,486
906,2016-09-10,1395766,54041397,38.0,39.2,37.9,38.9,0.5,808
907,2016-09-12,897576,34823261,39.1,39.15,38.6,38.85,-0.05,490
908,2016-09-13,964402,37086520,39.0,39.0,38.25,38.25,-0.6,525
909,2016-09-14,4022081,150156108,38.15,38.25,36.95,37.3,-0.95,2094
910,2016-09-19,1155300,43384053,37.2,37.8,37.15,37.45,0.15,659
911,2016-09-20,1253424,46758194,37.0,37.8,37.0,37.65,0.2,768
912,2016-09-21,573130,21634604,37.65,37.95,37.4,37.8,0.15,426
913,2016-09-22,1246667,47692043,37.85,38.65,37.8,38.2,0.4,794
914,2016-09-23,848829,32329752,38.3,38.4,37.8,38.15,-0.05,510
915,2016-09-26,444570,16829025,38.0,38.0,37.75,37.8,-0.35,395
916,2016-09-29,616007,23356658,38.0,38.1,37.75,38.0,0.2,456
917,2016-09-30,695877,26149863,37.8,37.9,37.4,37.75,-0.25,408
918,2016-10-03,661782,25067415,37.8,38.05,37.75,37.85,0.1,458
919,2016-10-04,331637,12542069,37.5,37.95,37.5,37.85,0.0,213
920,2016-10-05,496941,18704877,37.7,37.8,37.55,37.55,-0.3,360
921,2016-10-06,360365,13573152,37.55,37.85,37.55,37.7,0.15,299
922,2016-10-07,577231,21701888,37.55,37.7,37.5,37.6,-0.1,329
923,2016-10-11,843014,31719622,37.6,38.1,37.25,37.9,0.3,547
924,2016-10-12,518728,19715214,37.6,38.2,37.6,38.0,0.1,319
925,2016-10-13,3304656,128104834,38.0,39.2,37.85,39.2,1.2,1744
926,2016-10-14,10001001,408545798,39.7,41.8,39.5,41.45,2.25,5273
927,2016-10-17,10674148,462697808,41.7,44.9,41.65,44.6,3.15,5612
928,2016-10-18,7709919,343003523,44.85,45.0,43.5,44.9,0.3,3975
929,2016-10-19,9008607,418642061,44.95,47.75,44.2,47.0,2.1,5119
930,2016-10-20,4290556,199820479,46.75,47.35,46.0,46.4,-0.6,2468
931,2016-10-21,4084676,190391682,46.1,47.1,46.0,46.55,0.15,2099
932,2016-10-24,5381218,254112894,47.0,48.5,46.05,46.05,-0.5,3143
933,2016-10-25,4335704,197443701,46.0,46.6,44.6,46.2,0.15,2424
934,2016-10-26,2336556,108297080,46.55,46.9,45.85,46.45,0.25,1359
935,2016-10-27,2071204,95968075,46.5,46.75,45.7,46.65,0.2,1347
936,2016-10-28,13081007,628413537,47.5,49.8,46.05,46.05,-0.6,7664
937,2016-10-31,5387259,242995721,45.7,45.7,44.7,44.95,-1.1,3017
938,2016-11-01,2413007,108889415,44.55,45.5,44.5,45.0,0.05,1512
939,2016-11-02,3027295,133589121,44.65,44.65,43.8,43.8,-1.2,1956
940,2016-11-03,3668012,158266000,43.75,44.25,42.5,42.95,-0.85,2053
941,2016-11-04,2153327,92710749,42.7,43.5,42.7,42.85,-0.1,1358
942,2016-11-07,5106261,228511121,43.6,45.9,43.35,45.3,2.45,2925
943,2016-11-08,3552998,160949998,45.45,45.95,44.8,45.1,-0.2,2011
944,2016-11-09,3474812,152802133,45.1,45.35,43.5,43.9,-1.2,2029
945,2016-11-10,2697084,120552496,44.8,45.2,44.05,44.3,0.4,1604
946,2016-11-11,2669629,118031247,44.45,44.6,43.7,44.4,0.1,1850
947,2016-11-14,2646646,115249645,44.3,44.3,42.9,43.85,-0.55,1503
948,2016-11-15,2512587,110854179,44.4,44.6,43.7,43.85,0.0,1699
949,2016-11-16,1644987,72848068,44.15,44.5,44.15,44.15,0.3,968
950,2016-11-17,1050922,46387810,44.4,44.45,43.75,44.1,-0.05,744
951,2016-11-18,2056231,90136872,44.3,44.4,43.6,43.65,-0.45,1382
952,2016-11-21,947154,41370876,43.2,43.95,43.2,43.95,0.3,701
953,2016-11-22,9396197,435902312,44.2,47.45,44.2,47.3,3.35,5077
954,2016-11-23,9053125,429552625,47.3,48.5,46.4,47.3,0.0,5431
955,2016-11-24,2572038,121443814,47.5,47.75,46.8,46.8,-0.5,1489
956,2016-11-25,2023899,93855622,46.7,47.2,46.0,46.2,-0.6,1254
957,2016-11-28,2083112,96312555,46.05,46.6,46.0,46.1,-0.1,1175
958,2016-11-29,1624614,75094369,46.0,46.55,45.65,46.35,0.25,1207
959,2016-11-30,4032448,185319760,46.2,46.35,45.65,45.9,-0.45,1503
960,2016-12-01,1700137,78032737,45.95,46.3,45.7,45.75,-0.15,973
961,2016-12-02,2212235,99952689,45.6,45.6,45.0,45.1,-0.65,1188
962,2016-12-05,1345210,59824175,45.0,45.0,44.2,44.35,-0.75,836
963,2016-12-06,2103885,95978583,44.5,46.0,44.5,45.85,1.5,1432
964,2016-12-07,1561318,71826654,46.1,46.35,45.65,45.95,0.1,1019
965,2016-12-08,995997,45641402,46.35,46.35,45.5,45.7,-0.25,638
966,2016-12-09,2034558,94251415,46.2,46.55,46.0,46.25,0.55,1166
967,2016-12-12,1068537,48925552,46.45,46.45,45.5,45.65,-0.6,741
968,2016-12-13,1294301,58596677,45.55,45.55,45.15,45.15,-0.5,804
969,2016-12-14,669725,30370418,45.5,45.6,45.15,45.15,0.0,442
970,2016-12-15,799598,35974185,45.15,45.3,44.65,45.15,0.0,570
971,2016-12-16,1106484,49575597,45.05,45.05,44.75,44.75,-0.4,662
972,2016-12-19,1386199,62935336,44.8,46.2,44.5,45.2,0.45,841
973,2016-12-20,1357574,62063972,45.2,45.95,45.0,45.65,0.45,742
974,2016-12-21,1354018,61407710,45.85,46.05,44.8,45.0,-0.65,787
975,2016-12-22,1070102,47899855,44.9,45.1,44.6,44.7,-0.3,671
976,2016-12-23,1316610,58639843,44.6,44.8,44.4,44.55,-0.15,863
977,2016-12-26,873943,38721064,44.75,44.9,44.15,44.3,-0.25,559
978,2016-12-27,1546084,68650398,44.55,45.0,44.05,44.2,-0.1,901
979,2016-12-28,1052305,46636118,44.2,44.6,44.1,44.35,0.15,681
980,2016-12-29,694622,30908103,44.35,44.65,44.35,44.55,0.2,557
981,2016-12-30,1461651,65605837,44.75,45.2,44.65,44.85,0.3,927
982,2017-01-03,2947063,135872903,45.0,46.6,45.0,46.25,1.4,1900
983,2017-01-04,6603724,315457701,46.7,48.5,46.5,47.75,1.5,3986
984,2017-01-05,3723584,178366341,48.2,48.3,47.15,47.85,0.1,2151
985,2017-01-06,2805492,135111916,48.25,48.5,47.8,48.0,0.15,1367
986,2017-01-09,2176546,104020223,48.0,48.45,47.25,47.6,-0.4,1207
987,2017-01-10,2317943,109030213,47.5,47.8,46.55,46.95,-0.65,1358
988,2017-01-11,2758329,131746388,47.7,48.35,47.35,47.4,0.45,1602
989,2017-01-12,2225226,106511036,47.9,48.3,47.55,47.55,0.15,1138
990,2017-01-13,979522,46679104,47.95,47.95,47.5,47.7,0.15,684
991,2017-01-16,1326748,62533511,47.6,47.65,46.9,47.0,-0.7,843
992,2017-01-17,1126468,53009496,47.45,47.5,46.85,47.0,0.0,750
993,2017-01-18,11256776,550013655,47.3,49.7,47.25,49.25,2.25,4748
994,2017-01-19,5419256,259322507,49.0,49.0,47.45,47.5,-1.75,3092
995,2017-01-20,5452705,254367893,47.5,47.75,46.4,46.5,-1.0,2862
996,2017-01-23,1580874,74076398,46.95,47.05,46.6,47.0,0.5,882
997,2017-01-24,2453068,114277018,47.0,47.2,46.4,46.5,-0.5,1452
998,2017-02-02,990918,46123114,46.6,46.75,46.3,46.6,0.1,636
999,2017-02-03,1379505,64772477,46.65,47.35,46.4,47.2,0.6,934
1000,2017-02-06,1167753,55061791,47.35,47.4,46.85,47.0,-0.2,680
1001,2017-02-07,3034865,144868262,47.0,48.15,46.85,48.0,1.0,1988
1002,2017-02-08,1868172,89587455,48.0,48.5,47.4,47.65,-0.35,1122
1003,2017-02-09,1253757,59766226,47.65,48.1,47.4,47.55,-0.1,797
1004,2017-02-10,1400888,67028944,48.05,48.15,47.65,47.7,0.15,779
1005,2017-02-13,5292491,246000236,47.5,47.5,46.2,46.25,-1.45,2936
1006,2017-02-14,3740680,171455623,45.85,46.5,44.9,46.3,0.05,2212
1007,2017-02-15,2545761,118983031,46.3,47.2,46.0,47.2,0.9,1392
1008,2017-02-16,2497583,116639286,47.5,47.6,46.1,46.4,-0.8,1486
1009,2017-02-17,1980740,92710388,47.2,47.2,46.5,46.9,0.5,1391
1010,2017-02-18,1510487,71391401,46.9,47.6,46.9,47.25,0.35,640
1011,2017-02-20,1270229,59572280,47.35,47.5,46.65,46.8,-0.45,613
1012,2017-02-21,563024,26348708,46.3,46.95,46.3,46.9,0.1,344
1013,2017-02-22,763854,35929763,46.9,47.2,46.8,47.05,0.15,461
1014,2017-02-23,762213,35815098,47.35,47.35,46.8,46.8,-0.25,432
1015,2017-02-24,4909187,235723839,47.3,48.5,47.2,48.3,1.5,2627
1016,2017-03-01,2822190,137337094,49.0,49.2,47.9,47.95,-0.35,1639
1017,2017-03-02,9195475,458463746,48.2,51.9,48.2,49.45,1.5,4684
1018,2017-03-03,7181990,361934258,49.65,51.3,49.5,51.2,1.75,3470
1019,2017-03-06,12605978,679066853,52.0,55.6,51.4,54.4,3.2,6597
1020,2017-03-07,5716563,310729423,53.7,55.4,53.5,54.0,-0.4,3267
1021,2017-03-08,2504540,135180243,54.5,54.8,53.4,53.9,-0.1,1501
1022,2017-03-09,3787937,204585647,54.0,55.3,52.9,53.7,-0.2,2249
1023,2017-03-10,2888157,155765223,53.3,54.7,53.0,54.1,0.4,1630
1024,2017-03-13,4324056,236346904,54.0,55.4,53.9,54.6,0.5,2189
1025,2017-03-14,10158076,561395305,57.0,57.6,53.6,53.8,-0.8,4908
1026,2017-03-15,3328398,177765509,53.9,54.2,52.9,53.0,-0.8,1845
1027,2017-03-16,2711775,145569204,54.0,54.5,53.2,53.5,0.5,1525
1028,2017-03-17,6253255,333790807,53.4,53.6,52.7,53.5,0.0,1359
1029,2017-03-20,1492527,80060756,53.7,54.0,53.3,53.3,-0.2,1096
1030,2017-03-21,1410641,75369836,53.3,53.8,53.3,53.3,0.0,926
1031,2017-03-22,917936,49297839,53.2,54.1,53.1,53.7,0.4,687
1032,2017-03-23,1086617,58589877,53.7,54.4,53.4,54.0,0.3,739
1033,2017-03-24,3185420,174292371,54.0,55.3,53.7,55.0,1.0,1578
1034,2017-03-27,3832582,206068976,55.0,55.0,53.1,53.1,-1.9,1826
1035,2017-03-28,1802001,96094937,53.5,54.0,53.0,53.5,0.4,901
1036,2017-03-29,1114547,60201738,53.9,54.4,53.5,54.4,0.9,675
1037,2017-03-30,955017,51772118,54.8,54.8,53.8,54.2,-0.2,618
1038,2017-03-31,1329266,71909191,54.1,54.6,53.6,54.2,0.0,768
1039,2017-04-05,1229161,67039992,54.9,54.9,54.2,54.4,0.2,833
1040,2017-04-06,2511793,138398415,54.5,55.5,54.5,55.0,0.6,1425
1041,2017-04-07,2810345,154889692,55.3,55.5,54.8,55.5,0.5,1297
1042,2017-04-10,1202428,66625140,56.0,56.1,55.0,55.1,-0.4,864
1043,2017-04-11,1153953,63502071,55.1,55.4,54.8,54.8,-0.3,618
1044,2017-04-12,1475391,81794847,55.3,56.2,55.0,55.4,0.6,1125
1045,2017-04-13,1797968,99115107,55.3,55.5,54.9,55.0,-0.4,1282
1046,2017-04-14,1642362,90538211,55.0,55.5,54.7,55.1,0.1,826
1047,2017-04-17,1930126,107254077,55.2,56.0,55.0,55.9,0.8,1098
1048,2017-04-18,10791552,628002501,56.2,59.8,56.1,57.3,1.4,5442
1049,2017-04-19,4159436,234831449,57.3,57.6,55.8,55.8,-1.5,2340
1050,2017-04-20,1836652,102422742,55.6,56.4,55.0,55.7,-0.1,880
1051,2017-04-21,1705993,95774397,56.4,56.6,55.8,55.8,0.1,838
1052,2017-04-24,1946581,106967455,55.3,55.4,54.2,55.0,-0.8,924
1053,2017-04-25,2683136,149037980,55.4,56.5,55.0,55.1,0.1,1116
1054,2017-04-26,839285,46790838,55.3,56.0,55.3,55.9,0.8,543
1055,2017-04-27,3357611,190626526,56.2,57.5,55.7,55.7,-0.2,1512
1056,2017-04-28,1293608,72992704,56.0,56.9,55.8,56.9,1.2,745
1057,2017-05-02,2029889,116780662,57.1,58.5,57.0,58.3,1.4,1094
1058,2017-05-03,7839997,454471529,59.5,59.9,56.7,56.8,-1.5,3558
1059,2017-05-04,2478377,142020366,56.7,58.1,56.5,57.5,0.7,1182
1060,2017-05-05,1174069,67577663,57.5,57.8,57.1,57.7,0.2,668
1061,2017-05-08,1689798,98053184,57.7,58.3,57.7,58.2,0.5,916
1062,2017-05-09,1287246,74672634,58.3,58.4,57.7,57.9,-0.3,683
1063,2017-05-10,1643904,96160532,57.5,58.9,57.5,58.5,0.6,1030
1064,2017-05-11,1669722,97236883,58.8,58.8,58.0,58.3,-0.2,920
1065,2017-05-12,1345109,78084622,58.5,58.5,57.9,57.9,-0.4,763
1066,2017-05-15,1246662,72072023,57.8,58.1,57.6,57.9,0.0,647
1067,2017-05-16,2678659,153822020,58.0,58.1,57.2,57.3,-0.6,1119
1068,2017-05-17,2400240,140362980,57.6,58.9,57.6,58.6,1.3,1309
1069,2017-05-18,1068134,62213890,58.0,58.6,57.8,58.3,-0.3,734
1070,2017-05-19,1619407,95210842,58.4,59.2,58.4,58.8,0.5,938
1071,2017-05-22,9006001,548920344,59.3,62.5,59.0,61.7,2.9,4080
1072,2017-05-23,3185609,195199296,61.0,62.0,60.7,61.7,0.0,1862
1073,2017-05-24,4333173,272172525,61.8,63.4,61.8,63.0,1.3,2282
1074,2017-05-25,14122832,951313733,63.6,69.3,63.1,68.9,5.9,7510
1075,2017-05-26,8268273,570025479,69.5,70.3,68.0,68.6,-0.3,4940
1076,2017-05-31,3529956,237896424,68.5,68.6,66.6,67.3,-1.3,2188
1077,2017-06-01,3962238,264556624,66.8,68.0,66.0,66.8,-0.5,2154
1078,2017-06-02,4407134,299717578,67.6,69.3,66.9,67.0,0.2,2915
1079,2017-06-03,1260415,83922349,66.8,67.4,66.1,66.4,-0.6,864
1080,2017-06-05,1614171,108282312,67.2,67.6,66.7,67.4,1.0,1129
1081,2017-06-06,1393345,93065165,67.4,67.4,66.3,66.6,-0.8,782
1082,2017-06-07,1436666,96523748,66.6,67.8,66.6,67.5,0.9,987
1083,2017-06-08,961624,64444774,67.6,67.6,66.8,67.0,-0.5,716
1084,2017-06-09,855830,57469234,67.2,67.5,66.8,67.0,0.0,591
1085,2017-06-12,5531769,383064761,67.5,70.2,67.4,69.1,2.1,3430
1086,2017-06-13,1725244,118284326,68.5,69.0,68.0,68.6,-0.5,1032
1087,2017-06-14,2998878,204918323,68.5,69.4,67.2,68.8,0.2,1937
1088,2017-06-15,1480721,101787280,69.2,69.2,68.1,68.9,0.1,1009
1089,2017-06-16,7976180,573006919,68.9,73.7,68.6,72.2,3.3,4762
1090,2017-06-19,5003267,369385920,72.8,75.0,72.7,73.5,1.3,3269
1091,2017-06-20,2656449,194872386,73.7,74.3,72.6,73.7,0.2,1627
1092,2017-06-21,3060296,229289602,73.7,75.8,73.1,75.5,1.8,2132
1093,2017-06-22,2212829,167157931,75.5,76.4,75.0,75.5,0.0,1532
1094,2017-06-23,2578638,193667963,75.3,76.0,74.3,75.7,0.2,1386
1095,2017-06-26,2581941,197684393,76.9,77.4,75.8,76.3,0.6,1816
1096,2017-06-27,1999135,151514560,76.2,76.5,75.5,76.4,0.1,1222
1097,2017-06-28,2376761,182032078,76.9,77.5,75.9,76.6,0.2,1536
1098,2017-06-29,2808735,214379221,76.4,77.3,75.9,76.2,-0.4,1187
1099,2017-06-30,3534838,265196000,75.6,76.5,74.0,74.6,-1.6,2011
1100,2017-07-03,3343689,243648348,71.8,73.9,71.8,72.8,0.0,1873
1101,2017-07-04,2541754,187692955,73.6,74.9,73.2,73.3,0.5,1671
1102,2017-07-05,1413619,103676305,73.0,74.0,73.0,73.6,0.3,906
1103,2017-07-06,1088013,79966046,73.6,74.0,73.2,73.8,0.2,725
1104,2017-07-07,868299,63863969,73.5,73.9,73.2,73.5,-0.3,483
1105,2017-07-10,888676,65760577,73.5,74.6,73.4,73.9,0.4,609
1106,2017-07-11,1425460,106239304,74.5,75.0,74.2,75.0,1.1,891
1107,2017-07-12,4354003,337463820,75.7,78.8,75.7,77.7,2.7,2647
1108,2017-07-13,1992703,154574724,78.0,78.5,77.0,77.3,-0.4,1223
1109,2017-07-14,1286741,99555857,77.2,78.0,77.0,77.1,-0.2,800
1110,2017-07-17,4453196,334579067,77.8,77.8,74.1,74.4,-2.7,2799
1111,2017-07-18,2617357,194021886,74.5,74.8,73.4,74.6,0.2,1916
1112,2017-07-19,2643453,195415067,74.3,74.7,73.5,73.7,-0.9,1751
1113,2017-07-20,5446458,393377948,73.5,73.5,71.0,71.8,-1.9,3482
1114,2017-07-21,3024684,219536509,72.2,73.5,71.8,72.4,0.6,1987
1115,2017-07-24,1246023,90047545,72.4,72.8,72.0,72.2,-0.2,928
1116,2017-07-25,1735849,126483506,72.5,73.5,72.3,73.5,1.3,1398
1117,2017-07-26,1843861,136091691,74.0,74.2,73.4,73.7,0.2,1446
1118,2017-07-27,1633495,119772435,73.9,74.2,73.0,73.1,-0.6,964
1119,2017-07-28,1450807,105105575,73.0,73.1,72.2,72.4,-0.7,980
1120,2017-07-31,4852799,337608586,72.4,72.4,68.1,68.9,-3.5,2974
1121,2017-08-01,8409748,564759616,68.1,69.5,66.0,66.9,-2.0,5093
1122,2017-08-02,3934489,265284389,68.0,68.3,66.6,67.2,0.3,2502
1123,2017-08-03,1693158,113563886,68.0,68.0,66.6,66.8,-0.4,1077
1124,2017-08-04,3036405,206785363,67.0,68.6,67.0,68.0,1.2,1982
1125,2017-08-07,2731263,183458832,68.0,68.1,66.9,67.0,-1.0,1754
1126,2017-08-08,2833901,191000796,67.4,68.1,66.1,67.6,0.6,2004
1127,2017-08-09,1232248,83043029,67.6,68.1,67.1,67.1,-0.5,799
1128,2017-08-10,4257761,274794006,67.0,67.1,63.3,63.6,-3.5,2868
1129,2017-08-11,5050881,326297837,63.0,66.8,60.8,66.7,3.1,3341
1130,2017-08-14,2431178,159623781,66.7,67.8,64.7,64.7,-2.0,1738
1131,2017-08-15,2117104,136920613,65.5,65.9,63.9,64.5,-0.2,1360
1132,2017-08-16,1287255,82302120,64.1,64.7,63.2,64.0,-0.5,907
1133,2017-08-17,2637307,174696307,65.3,67.0,64.5,66.4,2.4,1651
1134,2017-08-18,1611218,105018160,65.2,65.7,64.4,65.5,-0.9,1023
1135,2017-08-21,1004489,65392226,65.7,65.8,64.7,65.1,-0.4,660
1136,2017-08-22,1761213,114615245,65.6,65.6,64.6,64.8,-0.3,982
1137,2017-08-23,2306171,152009721,65.6,66.8,65.2,65.7,0.9,1527
1138,2017-08-24,3512412,235868862,65.8,67.7,65.8,67.3,1.6,2101
1139,2017-08-25,2750838,186227759,68.0,68.2,67.1,67.4,0.1,1714
1140,2017-08-28,1638668,109322112,67.5,67.8,66.4,66.4,-1.0,1087
1141,2017-08-29,1552980,101559181,66.0,66.1,64.8,65.3,-1.1,1066
1142,2017-08-30,739377,48543787,65.6,66.3,65.4,65.5,0.2,543
1143,2017-08-31,768130,50301324,66.1,66.1,65.2,65.6,0.1,558
1144,2017-09-01,753079,49496569,65.7,66.1,65.2,65.5,-0.1,513
1145,2017-09-04,1043981,67951965,65.3,65.9,64.2,65.0,-0.5,717
1146,2017-09-05,1022340,66629028,65.0,65.7,64.9,65.4,0.4,794
1147,2017-09-06,1003483,65296939,65.1,65.5,64.9,65.0,-0.4,614
1148,2017-09-07,1164946,75925991,65.1,66.0,64.6,64.7,-0.3,874
1149,2017-09-08,1804152,118651532,65.3,66.3,65.0,66.0,1.3,1134
1150,2017-09-11,2259752,151196347,67.0,67.5,66.3,67.1,1.1,1387
1151,2017-09-12,1239744,82833370,67.7,67.7,66.1,66.1,-1.0,776
1152,2017-09-13,918669,61045184,66.1,66.9,66.1,66.6,0.5,668
1153,2017-09-14,641120,42708083,67.0,67.1,66.1,66.5,-0.1,511
1154,2017-09-15,690218,45758992,66.7,66.7,66.1,66.5,0.0,447
1155,2017-09-18,672460,44561495,66.6,66.7,66.0,66.1,-0.4,477
1156,2017-09-19,1535085,102344013,66.2,67.2,66.1,66.1,0.0,895
1157,2017-09-20,1055701,69056640,66.1,66.2,65.1,65.4,-0.7,691
1158,2017-09-21,420307,27498404,65.3,65.8,65.1,65.4,0.0,344
1159,2017-09-22,541435,35343287,65.7,65.7,65.0,65.3,-0.1,442
1160,2017-09-25,1350299,86412841,65.2,65.3,63.0,64.2,-1.1,931
1161,2017-09-26,876448,56343288,64.0,65.1,63.5,64.5,0.3,708
1162,2017-09-27,657969,42595897,65.2,65.6,64.3,64.3,-0.2,466
1163,2017-09-28,344349,22230142,64.4,64.9,64.1,64.9,0.6,266
1164,2017-09-29,999775,63936923,64.9,64.9,63.2,64.3,-0.6,735
1165,2017-09-30,353207,22759404,64.6,64.7,64.3,64.3,0.0,226
1166,2017-10-02,1352598,88709319,64.8,66.6,64.4,66.6,2.3,847
1167,2017-10-03,1661373,110694147,66.6,67.5,66.0,66.0,-0.6,1085
1168,2017-10-05,1012995,66957561,66.2,66.8,65.5,66.2,0.2,679
1169,2017-10-06,732242,48409715,66.5,66.7,65.9,66.1,-0.1,366
1170,2017-10-11,2366663,158408877,66.3,67.3,66.3,66.8,0.7,1149
1171,2017-10-12,1044743,69521896,66.9,67.0,66.3,67.0,0.2,601
1172,2017-10-13,1082670,72019015,66.9,67.0,66.1,66.6,-0.4,636
1173,2017-10-16,658494,43730646,66.6,66.7,66.2,66.4,-0.2,431
1174,2017-10-17,1935783,126632759,66.4,66.4,64.1,64.1,-2.3,1205
1175,2017-10-18,2157137,137779268,64.3,65.1,63.1,63.1,-1.0,1337
1176,2017-10-19,1695783,107595443,63.4,63.9,63.0,63.3,0.2,928
1177,2017-10-20,1840474,119249190,63.1,65.9,62.9,65.9,2.6,1070
1178,2017-10-23,887762,58100754,65.9,66.0,65.0,65.7,-0.2,617
1179,2017-10-24,1332684,88218645,65.7,66.9,65.0,66.5,0.8,799
1180,2017-10-25,1503029,98680994,66.6,66.6,65.2,65.2,-1.3,1011
1181,2017-10-26,928861,60220265,65.3,65.3,64.6,64.7,-0.5,628
1182,2017-10-27,1382591,88729124,64.5,64.6,63.9,63.9,-0.8,1039
1183,2017-10-30,538843,34797195,64.4,65.3,64.1,64.3,0.4,407
1184,2017-10-31,1121880,71678720,64.3,64.4,63.7,63.7,-0.6,804
1185,2017-11-01,705483,45089012,63.7,64.2,63.5,64.0,0.3,523
1186,2017-11-02,560846,35824344,64.0,64.2,63.6,63.8,-0.2,419
1187,2017-11-03,712090,45757302,64.1,64.7,63.9,64.5,0.7,491
1188,2017-11-06,435622,28159974,64.9,64.9,64.3,64.7,0.2,344
1189,2017-11-07,1036405,67299499,64.7,65.2,64.6,65.2,0.5,787
1190,2017-11-08,1376567,90103019,65.2,65.9,64.8,65.4,0.2,979
1191,2017-11-09,1385261,90685765,65.8,66.3,64.6,64.9,-0.5,805
1192,2017-11-10,865298,55698515,64.9,64.9,64.2,64.3,-0.6,618
1193,2017-11-13,696766,44632930,64.3,64.6,63.7,63.9,-0.4,479
1194,2017-11-14,1272596,80917522,63.9,64.3,63.1,63.3,-0.6,865
1195,2017-11-15,1024797,64546305,63.3,63.5,62.6,63.2,-0.1,704
1196,2017-11-16,622145,39114959,63.2,63.3,62.6,63.0,-0.2,483
1197,2017-11-17,878535,55399059,63.1,63.3,62.8,63.0,0.0,652
1198,2017-11-20,874086,55342758,63.5,63.7,63.0,63.0,0.0,652
1199,2017-11-21,767936,48557437,63.2,63.5,63.1,63.2,0.2,507
1200,2017-11-22,1080053,68172141,63.5,63.6,62.9,63.0,-0.2,708
1201,2017-11-23,902549,56773691,63.0,63.2,62.8,62.8,-0.2,634
1202,2017-11-24,1118955,70856241,62.8,64.3,62.7,63.2,0.4,700
1203,2017-11-27,947554,59636007,63.2,63.6,62.6,62.8,-0.4,617
1204,2017-11-28,2516991,155484634,62.8,62.9,61.3,61.4,-1.4,1613
1205,2017-11-29,2033326,123272686,61.3,61.3,60.2,60.5,-0.9,1404
1206,2017-11-30,1696638,101502162,60.4,60.4,59.5,59.8,-0.7,1061
1207,2017-12-01,2278346,134723081,59.8,60.3,58.8,59.0,-0.8,1585
1208,2017-12-04,911496,54918347,59.0,61.1,59.0,60.9,1.9,685
1209,2017-12-05,1889830,115788254,61.1,62.3,60.5,60.5,-0.4,1545
1210,2017-12-06,1274807,76284120,60.5,60.9,59.0,59.3,-1.2,1101
1211,2017-12-07,573456,34310394,59.9,60.2,59.5,59.8,0.5,480
1212,2017-12-08,594592,35488947,60.0,60.0,59.5,59.7,-0.1,492
1213,2017-12-11,776429,46785556,59.9,60.6,59.9,60.1,0.4,583
1214,2017-12-12,667860,40082545,60.0,60.3,59.8,60.0,-0.1,546
1215,2017-12-13,641767,38813899,60.0,60.8,60.0,60.7,0.7,435
1216,2017-12-14,1027711,62989404,61.2,61.7,60.9,61.0,0.3,715
1217,2017-12-15,566095,34531195,61.0,61.3,60.8,60.8,-0.2,447
1218,2017-12-18,577021,35291682,60.8,61.8,60.8,61.0,0.2,432
1219,2017-12-19,400731,24456191,61.0,61.4,60.8,60.8,-0.2,325
1220,2017-12-20,346201,21197358,61.1,61.6,61.0,61.1,0.3,231
1221,2017-12-21,553489,33762529,61.6,61.6,60.7,60.7,-0.4,459
1222,2017-12-22,272375,16606558,61.3,61.3,60.8,61.1,0.4,190
1223,2017-12-25,1161629,71935267,61.4,62.4,61.4,62.1,1.0,803
1224,2017-12-26,781279,48480498,62.3,62.5,61.8,61.8,-0.3,542
1225,2017-12-27,383019,23792977,61.8,62.3,61.8,62.0,0.2,261
1226,2017-12-28,822457,51374038,62.0,62.8,62.0,62.7,0.7,515
1227,2017-12-29,2734865,175017320,62.8,64.9,62.8,64.2,1.5,1635
1228,2018-01-02,1814627,117474985,64.7,65.2,64.2,64.7,0.5,1044
1229,2018-01-03,1184949,76689583,64.9,65.2,64.2,64.5,-0.2,936
1230,2018-01-04,919698,58748909,64.5,64.5,63.6,64.0,-0.5,690
1231,2018-01-05,547095,34882050,64.0,64.1,63.6,63.7,-0.3,413
1232,2018-01-08,1591418,103018170,63.8,65.3,63.8,65.0,1.3,1007
1233,2018-01-09,783825,50851125,65.4,65.5,64.6,65.0,0.0,574
1234,2018-01-10,923618,59552555,65.0,65.1,64.2,64.2,-0.8,603
1235,2018-01-11,1596837,103605405,64.1,65.2,64.0,65.1,0.9,1160
1236,2018-01-12,621306,40357011,64.8,65.3,64.7,64.9,-0.2,482
1237,2018-01-15,656105,42567980,65.1,65.2,64.5,64.6,-0.3,437
1238,2018-01-16,556158,35845206,64.6,64.8,64.0,64.7,0.1,367
1239,2018-01-17,5688864,378779948,65.0,67.8,64.8,67.8,3.1,3259
1240,2018-01-18,5099765,345289425,68.0,68.7,66.4,67.9,0.1,3231
1241,2018-01-19,1561251,105229979,67.3,67.8,67.1,67.2,-0.7,915
1242,2018-01-22,1271675,84864125,67.2,67.2,66.4,66.7,-0.5,780
1243,2018-01-23,1085287,72351289,66.9,67.5,66.1,66.1,-0.6,720
1244,2018-01-24,1194698,78311950,66.2,66.4,65.2,65.2,-0.9,904
1245,2018-01-25,865251,56661354,65.1,65.8,65.1,65.6,0.4,678
1246,2018-01-26,423761,27810536,65.8,65.9,65.4,65.9,0.3,327
1247,2018-01-29,603893,39672947,66.1,66.1,65.4,65.5,-0.4,389
1248,2018-01-30,766568,50413408,65.6,66.2,65.3,65.6,0.1,465
1249,2018-01-31,721641,47524963,65.4,66.2,65.1,66.1,0.5,488
1250,2018-02-01,449365,29653758,66.2,66.5,65.6,65.9,-0.2,330
1251,2018-02-02,426997,28189102,65.9,66.4,65.8,65.9,0.0,344
1252,2018-02-05,752664,48990224,65.0,65.5,64.7,65.5,-0.4,527
1253,2018-02-06,2854644,181473316,64.8,65.0,61.6,62.3,-3.2,2239
1254,2018-02-07,1079138,68990397,63.4,64.5,63.4,64.0,1.7,818
1255,2018-02-08,818560,52774074,64.0,65.2,63.7,65.2,1.2,570
1256,2018-02-09,847220,54390738,62.5,65.2,62.5,65.0,-0.2,652
1257,2018-02-12,676078,43678270,65.2,65.2,64.1,64.2,-0.8,458
1258,2018-02-21,1064515,68995468,64.9,65.4,64.2,65.2,1.0,775
1259,2018-02-22,545112,35200280,64.5,64.8,64.4,64.6,-0.6,417
1260,2018-02-23,729370,47098760,65.0,65.0,64.2,64.2,-0.4,569
1261,2018-02-26,5415032,363803730,64.8,68.6,64.5,67.9,3.7,2931
1262,2018-02-27,2507319,169088024,68.5,68.6,66.6,67.2,-0.7,1439
1263,2018-03-01,5535492,381381415,66.8,69.7,66.6,69.6,2.4,3334
1264,2018-03-02,5001936,349483141,69.2,71.0,68.6,69.2,-0.4,3133
1265,2018-03-05,2415830,165086802,69.0,69.5,67.5,67.5,-1.7,1456
1266,2018-03-06,957190,64938681,68.0,68.4,67.6,67.9,0.4,646
1267,2018-03-07,1395274,95396932,67.7,69.2,67.6,67.6,-0.3,909
1268,2018-03-08,3316753,230331370,68.5,70.8,68.5,68.5,0.9,2068
1269,2018-03-09,1464387,100078528,68.9,69.3,67.6,68.4,-0.1,1074
1270,2018-03-12,1524274,104125855,68.6,68.7,68.0,68.1,-0.3,958
1271,2018-03-13,1018392,69251856,68.1,68.5,67.7,67.8,-0.3,746
1272,2018-03-14,538899,36566690,68.0,68.2,67.7,67.7,-0.1,492
1273,2018-03-15,618040,41961220,68.0,68.1,67.7,67.7,0.0,446
1274,2018-03-16,1295119,87274387,67.9,68.0,67.0,67.0,-0.7,854
1275,2018-03-19,1794966,118934291,66.7,66.8,65.8,66.2,-0.8,1337
1276,2018-03-20,710429,47190741,66.2,66.9,65.9,66.6,0.4,691
1277,2018-03-21,947940,63749904,66.8,67.8,66.6,67.3,0.7,791
1278,2018-03-22,903081,60407292,67.4,67.5,66.5,66.5,-0.8,740
1279,2018-03-23,1805211,118683758,66.0,66.1,65.5,65.6,-0.9,1217
1280,2018-03-26,1454989,95384374,65.4,66.4,65.0,65.5,-0.1,930
1281,2018-03-27,719540,47303777,65.9,66.2,65.4,65.4,-0.1,571
1282,2018-03-28,552254,36001166,65.4,65.4,65.0,65.2,-0.2,472
1283,2018-03-29,311587,20362307,65.3,65.6,65.2,65.4,0.2,248
1284,2018-03-30,499030,32690244,65.7,65.7,65.4,65.6,0.2,392
1285,2018-03-31,204787,13405642,65.7,65.7,65.3,65.4,-0.2,195
1286,2018-04-02,232667,15252422,65.8,65.8,65.4,65.5,0.1,239
1287,2018-04-03,805916,52309575,65.5,65.5,64.8,65.0,-0.5,642
1288,2018-04-09,1109009,71281205,65.2,65.2,64.0,64.1,-0.9,1015
1289,2018-04-10,1621322,104016158,64.2,64.5,64.0,64.0,-0.1,972
1290,2018-04-11,1396597,88909356,64.2,64.2,63.4,63.5,-0.5,1105
1291,2018-04-12,1502479,94586407,63.1,63.3,62.7,62.9,-0.6,1149
1292,2018-04-13,958190,60733610,63.0,64.0,62.9,63.2,0.3,702
1293,2018-04-16,960246,60146532,63.2,63.2,62.4,62.7,-0.5,687
1294,2018-04-17,529326,33320882,62.8,63.2,62.7,63.1,0.4,383
1295,2018-04-18,1274427,79670857,63.5,63.5,62.1,62.2,-0.9,1006
1296,2018-04-19,443964,27782924,62.2,62.9,62.2,62.7,0.5,338
1297,2018-04-20,573859,35904717,62.8,62.8,62.5,62.6,-0.1,357
1298,2018-04-23,457392,28874889,62.7,63.3,62.7,63.1,0.5,321
1299,2018-04-24,468043,29406504,63.1,63.1,62.6,62.9,-0.2,346
1300,2018-04-25,548301,34617306,62.5,63.5,62.4,63.5,0.6,405
1301,2018-04-26,830144,52601637,63.7,63.7,62.9,63.2,-0.3,531
1302,2018-04-27,358003,22664180,63.2,63.5,63.2,63.2,0.0,282
1303,2018-04-30,625663,39905657,63.2,64.3,63.0,64.0,0.8,429
1304,2018-05-02,757904,47723891,63.5,63.5,62.4,63.4,-0.6,615
1305,2018-05-03,575591,36076286,62.5,62.9,62.5,62.8,-0.6,478
1306,2018-05-04,484833,30382579,62.8,62.8,62.6,62.6,-0.2,422
1307,2018-05-07,471386,29378229,62.6,63.0,62.1,62.2,-0.4,302
1308,2018-05-08,429553,26675755,62.1,62.2,62.0,62.1,-0.1,287
1309,2018-05-09,591681,36321741,62.1,62.2,60.5,61.3,-0.8,493
1310,2018-05-10,3036960,181555567,60.0,60.4,59.1,59.8,-1.5,1943
1311,2018-05-11,1017985,61410085,60.0,60.5,60.0,60.5,0.7,716
1312,2018-05-14,1447318,86436955,60.1,60.3,59.4,59.8,-0.7,1007
1313,2018-05-15,910913,54361550,59.8,60.2,59.2,59.9,0.1,644
1314,2018-05-16,884238,53347918,59.9,60.7,59.5,60.6,0.7,650
1315,2018-05-17,437504,26557644,61.0,61.0,60.5,60.7,0.1,379
1316,2018-05-18,578211,34963381,60.7,60.8,60.1,60.1,-0.6,444
1317,2018-05-21,502657,30398830,60.2,60.6,60.2,60.5,0.4,333
1318,2018-05-22,391893,23729620,60.7,60.7,60.2,60.2,-0.3,312
1319,2018-05-23,468885,28172957,60.2,60.6,60.0,60.0,-0.2,437
1320,2018-05-24,518695,31070527,60.1,60.1,59.7,59.9,-0.1,463
1321,2018-05-25,681612,40884078,60.0,60.4,59.7,59.7,-0.2,524
1322,2018-05-28,783242,46714720,59.8,60.0,59.5,59.5,-0.2,634
1323,2018-05-29,832037,49307292,59.5,59.7,59.1,59.1,-0.4,701
1324,2018-05-30,1106774,64641466,59.1,59.2,58.0,58.4,-0.7,922
1325,2018-05-31,919485,53581555,58.5,58.6,58.0,58.5,0.1,609
1326,2018-06-01,665787,39518220,58.5,60.4,58.3,59.9,1.4,555
1327,2018-06-04,1078920,65576820,60.1,61.0,60.1,60.5,0.6,787
1328,2018-06-05,392776,23789967,60.9,60.9,60.5,60.5,0.0,344
1329,2018-06-06,546496,33204385,60.7,60.9,60.5,60.8,0.3,462
1330,2018-06-07,656766,39638733,61.0,61.0,60.1,60.1,-0.7,584
1331,2018-06-08,336262,20269245,60.1,60.5,60.1,60.3,0.2,284
1332,2018-06-11,438054,26694279,61.0,61.3,60.7,60.7,0.4,334
1333,2018-06-12,339200,20608500,61.0,61.0,60.5,60.7,0.0,289
1334,2018-06-13,346289,20994434,60.7,61.0,60.4,60.4,-0.3,304
1335,2018-06-14,428512,25913923,60.4,60.6,60.3,60.3,-0.1,329
1336,2018-06-15,908050,54898435,60.3,60.9,60.2,60.5,0.2,571
1337,2018-06-19,562996,34088045,60.5,60.8,60.2,60.6,0.1,500
1338,2018-06-20,549027,33006217,60.5,60.5,60.0,60.0,-0.6,383
1339,2018-06-21,434675,26152661,60.0,60.7,60.0,60.0,0.0,274
1340,2018-06-22,776813,46560531,60.1,60.4,59.5,59.9,-0.1,554
1341,2018-06-25,605037,36399617,60.1,60.7,60.0,60.0,0.1,447
1342,2018-06-26,324090,19460442,59.9,60.2,59.8,60.0,0.0,264
1343,2018-06-27,585963,35271460,60.0,60.4,60.0,60.0,0.0,302
1344,2018-06-28,378290,22723553,60.0,60.3,60.0,60.0,0.0,262
1345,2018-06-29,436199,26206192,60.0,60.2,60.0,60.1,0.1,305
1346,2018-07-02,635892,38442467,60.5,60.7,60.2,60.3,0.2,403
1347,2018-07-03,517221,31213500,60.6,60.8,60.0,60.0,-0.3,384
1348,2018-07-04,365677,21958953,60.0,60.3,59.9,60.2,0.2,226
1349,2018-07-05,427832,25676662,60.3,60.3,59.8,59.8,-0.4,274
1350,2018-07-06,459357,27337220,60.3,60.3,59.1,59.5,-0.3,375
1351,2018-07-09,497224,29509888,59.5,59.6,59.1,59.4,-0.1,394
1352,2018-07-10,963332,57004347,59.4,59.4,59.0,59.1,-0.3,734
1353,2018-07-11,823942,48914431,59.2,59.6,59.2,59.3,0.2,556
1354,2018-07-12,1492364,86274376,57.0,58.7,56.9,58.5,0.0,1039
1355,2018-07-13,461317,26931203,58.5,58.6,58.0,58.4,-0.1,390
1356,2018-07-16,425376,24787325,58.5,58.6,58.0,58.1,-0.3,312
1357,2018-07-17,553807,32004361,58.1,58.2,57.6,57.6,-0.5,431
1358,2018-07-18,480871,27796248,57.5,58.1,57.5,58.0,0.4,360
1359,2018-07-19,362447,20941112,58.3,58.4,57.6,57.7,-0.3,308
1360,2018-07-20,413295,23780210,57.6,57.7,57.4,57.6,-0.1,346
1361,2018-07-23,254066,14581899,57.6,57.6,57.2,57.3,-0.3,224
1362,2018-07-24,429054,24513005,57.3,57.3,57.0,57.1,-0.2,291
1363,2018-07-25,1037421,58736731,57.1,57.1,56.5,56.7,-0.4,729
1364,2018-07-26,600270,34020012,56.6,56.9,56.5,56.7,0.0,406
1365,2018-07-27,567668,32500167,56.8,57.4,56.8,57.2,0.5,411
1366,2018-07-30,440655,25217624,57.1,57.4,57.1,57.3,0.1,276
1367,2018-07-31,894938,51847068,57.4,58.3,57.3,58.2,0.9,552
1368,2018-08-01,593304,34309232,58.2,58.2,57.6,57.6,-0.6,410
1369,2018-08-02,353858,20338864,57.6,57.8,57.3,57.3,-0.3,271
1370,2018-08-03,909543,51778016,57.3,57.5,56.6,56.7,-0.6,657
1371,2018-08-06,393670,22447860,56.8,57.2,56.7,57.1,0.4,281
1372,2018-08-07,507382,28850436,57.1,57.2,56.7,56.8,-0.3,412
1373,2018-08-08,1006552,57779433,56.9,58.0,56.8,57.1,0.3,636
1374,2018-08-09,584266,33762334,57.5,58.0,57.2,58.0,0.9,441
1375,2018-08-10,696319,40125119,58.1,58.1,57.2,57.3,-0.7,501
1376,2018-08-13,689037,39506627,57.8,57.8,57.0,57.3,0.0,498
1377,2018-08-14,6397470,340698495,54.5,54.5,52.5,53.4,-3.9,3658
1378,2018-08-15,5827355,292641223,53.3,53.3,49.15,49.55,-3.85,3687
1379,2018-08-16,2546226,124223442,48.9,49.3,48.0,49.1,-0.45,1621
1380,2018-08-17,1663407,82666550,49.3,50.7,49.3,49.4,0.3,1041
1381,2018-08-20,1030942,51888246,49.5,50.8,49.5,50.3,0.9,758
1382,2018-08-21,1107789,55688757,50.4,50.7,49.9,50.0,-0.3,818
1383,2018-08-22,1291220,64060800,50.0,50.0,49.3,49.4,-0.6,828
1384,2018-08-23,369469,18409850,49.4,50.1,49.3,49.75,0.35,302
1385,2018-08-24,328007,16233689,49.9,49.9,49.35,49.5,-0.25,301
1386,2018-08-27,853266,43169666,50.0,50.9,50.0,50.8,1.3,584
1387,2018-08-28,2327413,122233743,51.1,53.6,51.0,53.1,2.3,1673
1388,2018-08-29,958800,50220356,53.1,53.2,52.0,52.2,-0.9,705
1389,2018-08-30,371512,19259615,52.2,52.3,51.5,52.0,-0.2,353
1390,2018-08-31,317308,16409701,51.8,52.3,51.4,51.9,-0.1,261
1391,2018-09-03,339645,17648757,51.9,52.3,51.7,52.0,0.1,288
1392,2018-09-04,251513,13112675,52.0,52.3,52.0,52.0,0.0,196
1393,2018-09-05,218304,11347162,51.6,52.2,51.6,51.9,-0.1,202
1394,2018-09-06,392978,20272352,51.9,52.0,51.3,51.3,-0.6,298
1395,2018-09-07,590035,30011585,51.1,51.2,50.6,50.6,-0.7,398
1396,2018-09-10,609335,30442918,50.5,50.6,49.65,49.95,-0.65,460
1397,2018-09-11,378596,19041746,49.95,50.8,49.95,50.8,0.85,300
1398,2018-09-12,565681,28914129,50.9,51.4,50.9,51.0,0.2,403
1399,2018-09-13,431653,22207981,51.5,51.7,51.1,51.7,0.7,317
1400,2018-09-14,422475,22031583,52.0,52.3,51.8,52.2,0.5,317
1401,2018-09-17,474166,24768432,52.2,52.6,51.8,51.8,-0.4,336
1402,2018-09-18,328447,16829817,51.5,51.7,51.0,51.0,-0.8,312
1403,2018-09-19,331446,17114533,51.1,51.9,51.1,51.9,0.9,281
1404,2018-09-20,253261,13147919,52.1,52.3,51.7,51.7,-0.2,197
1405,2018-09-21,295871,15343692,51.9,52.0,51.7,51.9,0.2,254
1406,2018-09-25,336283,17324179,51.9,52.0,51.3,51.4,-0.5,254
1407,2018-09-26,312783,16045093,51.6,51.6,51.2,51.4,0.0,204
1408,2018-09-27,375249,19296538,51.4,51.7,51.1,51.5,0.1,204
1409,2018-09-28,295625,15266905,51.5,51.9,51.4,51.5,0.0,276
1410,2018-10-01,354777,18360417,51.5,51.9,51.5,51.7,0.2,276
1411,2018-10-02,271134,13906721,51.7,51.7,51.1,51.3,-0.4,215
1412,2018-10-03,273386,13994993,51.1,51.4,51.1,51.1,-0.2,187
1413,2018-10-04,366003,18642953,51.1,51.2,50.7,50.7,-0.4,283
1414,2018-10-05,742161,37083775,50.7,50.7,49.5,50.1,-0.6,610
1415,2018-10-08,297534,14873049,50.0,50.1,49.9,50.0,-0.1,231
1416,2018-10-09,171343,8573843,50.0,50.1,49.9,50.1,0.1,175
1417,2018-10-11,1258174,60273151,49.5,49.5,47.0,47.65,-2.45,969
1418,2018-10-12,836053,38957214,45.65,48.0,45.45,48.0,0.35,653
1419,2018-10-15,337449,16152437,48.0,48.45,47.6,47.8,-0.2,301
1420,2018-10-16,293407,14082512,47.6,48.3,47.6,47.9,0.1,252
1421,2018-10-17,277277,13342419,48.2,48.35,47.8,48.0,0.1,243
1422,2018-10-18,185307,8841336,48.0,48.0,47.5,47.7,-0.3,181
1423,2018-10-19,785876,36987217,47.5,47.5,46.4,47.5,-0.2,484
1424,2018-10-22,235426,11084243,47.5,47.5,47.0,47.0,-0.5,206
1425,2018-10-23,474879,21940510,47.0,47.0,45.9,45.9,-1.1,434
1426,2018-10-24,522175,23558976,45.1,45.8,44.6,45.8,-0.1,436
1427,2018-10-25,769284,33986944,44.5,45.0,43.8,43.9,-1.9,618
1428,2018-10-26,2323616,95671556,44.0,44.4,40.0,40.8,-3.1,1777
1429,2018-10-29,1385027,55655270,40.8,41.1,39.55,39.8,-1.0,1122
1430,2018-10-30,2733231,106325005,39.85,39.85,37.95,39.85,0.05,1710
1431,2018-10-31,822884,34024078,40.2,42.0,40.2,41.9,2.05,654
1432,2018-11-01,567224,23668098,42.0,42.05,41.1,42.0,0.1,424
1433,2018-11-02,605962,25570826,42.55,42.55,41.7,42.5,0.5,359
1434,2018-11-05,427893,18313294,42.5,43.4,42.3,43.4,0.9,320
1435,2018-11-06,576047,25350068,43.8,44.7,43.45,43.8,0.4,474
1436,2018-11-07,433884,19081557,43.95,44.2,43.6,44.2,0.4,330
1437,2018-11-08,470672,21019054,44.5,44.85,44.35,44.8,0.6,389
1438,2018-11-09,608610,26706657,44.8,44.9,43.4,43.7,-1.1,463
1439,2018-11-12,209911,9182770,43.5,43.95,43.4,43.85,0.15,177
1440,2018-11-13,449611,19770689,43.5,44.5,43.25,44.5,0.65,312
1441,2018-11-14,330221,14629747,44.55,44.9,44.0,44.55,0.05,253
1442,2018-11-15,129188,5699710,44.4,44.4,43.9,44.2,-0.35,151
1443,2018-11-16,261022,11553928,44.5,44.65,44.0,44.4,0.2,237
1444,2018-11-19,513664,23043005,44.5,45.15,44.5,45.15,0.75,385
1445,2018-11-20,264189,11825433,45.15,45.15,44.5,44.5,-0.65,226
1446,2018-11-21,450836,20150848,44.4,45.2,43.85,45.0,0.5,360
1447,2018-11-22,292542,13064919,45.0,45.2,44.3,44.3,-0.7,233
1448,2018-11-23,219501,9720638,44.7,44.7,44.1,44.3,0.0,172
1449,2018-11-26,239687,10758945,44.6,45.15,44.5,44.75,0.45,212
1450,2018-11-27,185257,8313815,45.15,45.15,44.7,44.9,0.15,175
1451,2018-11-28,429738,19384804,45.1,45.2,45.0,45.1,0.2,363
1452,2018-11-29,279977,12639657,45.4,45.4,45.0,45.0,-0.1,239
1453,2018-11-30,302353,13640565,45.2,45.35,44.85,44.85,-0.15,258
1454,2018-12-03,762413,35056284,45.0,46.85,44.9,46.6,1.75,573
1455,2018-12-04,400861,18599557,46.9,46.9,46.1,46.25,-0.35,351
1456,2018-12-05,368742,16791863,45.8,45.9,44.75,45.85,-0.4,273
1457,2018-12-06,591215,26512292,45.85,45.85,44.5,44.7,-1.15,497
1458,2018-12-07,307668,13942903,44.7,45.75,44.65,45.7,1.0,257
1459,2018-12-10,168632,7609977,45.5,45.5,44.95,45.05,-0.65,155
1460,2018-12-11,154806,6971848,45.05,45.25,44.9,44.9,-0.15,127
1461,2018-12-12,647972,29990932,44.95,46.8,44.95,46.5,1.6,543
1462,2018-12-13,1751290,84505872,46.75,49.15,46.75,48.8,2.3,1326
1463,2018-12-14,4890470,251248336,49.35,52.3,49.35,51.5,2.7,3505
1464,2018-12-17,6588953,360453383,53.2,55.5,53.2,55.0,3.5,4546
1465,2018-12-18,8705184,476067152,55.3,56.4,52.5,52.8,-2.2,5793
1466,2018-12-19,3280869,170843041,53.7,53.7,50.8,51.4,-1.4,2334
1467,2018-12-20,1656279,84271263,50.6,51.5,50.2,51.5,0.1,1162
1468,2018-12-21,2161950,112653156,51.7,52.9,51.1,52.5,1.0,1499
1469,2018-12-22,6439513,353258704,52.7,56.2,52.7,54.8,2.3,4288
1470,2018-12-24,5219255,290791525,55.3,56.5,54.8,55.0,0.2,3369
1471,2018-12-25,3464967,191364471,55.0,56.2,54.0,55.2,0.2,2243
1472,2018-12-26,2690985,149740369,55.8,56.5,55.0,55.0,-0.2,1651
1473,2018-12-27,2053164,112032830,55.7,56.0,53.7,54.3,-0.7,1386
1474,2018-12-28,1787238,95500181,54.8,54.8,52.8,53.2,-1.1,1264
1475,2019-01-02,1365654,74052940,54.0,54.7,53.8,54.4,1.2,982
1476,2019-01-03,5173563,289097723,55.5,56.9,55.0,55.1,0.7,3461
1477,2019-01-04,10452195,589471551,56.2,57.9,55.2,55.5,0.4,6354
1478,2019-01-07,2810294,156218031,56.0,56.3,55.0,55.5,0.0,1877
1479,2019-01-08,2149227,116722865,55.6,55.8,54.0,54.1,-1.4,1538
1480,2019-01-09,1350875,73367031,54.6,54.8,54.0,54.8,0.7,912
1481,2019-01-10,2140735,118807925,56.0,56.3,54.8,54.8,0.0,1514
1482,2019-01-11,1692651,91395672,54.6,55.3,53.4,54.1,-0.7,1154
1483,2019-01-14,914861,48828767,54.1,54.1,53.1,53.2,-0.9,712
1484,2019-01-15,781057,42095178,53.4,54.4,53.4,53.8,0.6,599
1485,2019-01-16,667510,35825875,53.9,54.1,53.4,53.5,-0.3,475
1486,2019-01-17,507640,27193929,53.5,54.0,53.3,53.5,0.0,393
1487,2019-01-18,505377,27210609,53.8,54.0,53.6,53.8,0.3,340
1488,2019-01-21,601901,32506564,54.2,54.4,53.8,53.8,0.0,411
1489,2019-01-22,602571,32116986,53.5,53.6,53.1,53.4,-0.4,374
1490,2019-01-23,382427,20404079,53.1,53.6,53.1,53.6,0.2,314
1491,2019-01-24,372201,19876747,53.6,53.7,53.2,53.4,-0.2,294
1492,2019-01-25,560143,30107871,53.4,54.2,53.4,53.6,0.2,432
1493,2019-01-28,1462955,79510532,54.0,54.9,53.6,54.5,0.9,930
1494,2019-01-29,781859,42437709,54.6,54.6,54.0,54.3,-0.2,550
